Scientific_Name,Genus,Species,Infraspecific
Abies balsamea,Abies,balsamea,
Abies grandis,Abies,grandis,
Abutilon theophrasti,Abutilon,theophrasti,
Acalypha australis,Acalypha,australis,
Acalypha gracilens,Acalypha,gracilens,
Acalypha rhomboidea,Acalypha,rhomboidea,
Acalypha setosa,Acalypha,setosa,
Acalypha virginica,Acalypha,virginica,
Acanthospermum australe,Acanthospermum,australe,
Acanthospermum hispidum,Acanthospermum,hispidum,
Acer campestre,Acer,campestre,
Acer ginnala,Acer,ginnala,
Acer negundo,Acer,negundo,var. ?
Acer negundo var. negundo,Acer,negundo,var. negundo
Acer nigrum,Acer,nigrum,
Acer palmatum,Acer,palmatum,
Acer pensylvanicum,Acer,pensylvanicum,
Acer platanoides,Acer,platanoides,
Acer pseudoplatanus,Acer,pseudoplatanus,
Acer rubrum,Acer,rubrum,
Acer rubrum,Acer,rubrum,var. ?
Acer rubrum var. rubrum,Acer,rubrum,var. rubrum
Acer rubrum var. trilobum,Acer,rubrum,var. trilobum
Acer rubrum × A. saccharinum = A. ×freemanii,Acer,rubrum × A. saccharinum = A. ×freemanii,
Acer saccharinum,Acer,saccharinum,
Acer saccharum,Acer,saccharum,
Acer spicatum,Acer,spicatum,
Achillea ageratum,Achillea,ageratum,
Achillea filipendulina,Achillea,filipendulina,
Achillea millefolium,Achillea,millefolium,
Achillea nobilis,Achillea,nobilis,
Achillea ptarmica,Achillea,ptarmica,
Acmispon americanus,Acmispon,americanus,var. ?
Acmispon americanus var. americanus,Acmispon,americanus,var. americanus
Aconitum napellus,Aconitum,napellus,
Aconitum noveboracense,Aconitum,noveboracense,
Acorus americanus,Acorus,americanus,
Acorus calamus,Acorus,calamus,
Actaea pachypoda,Actaea,pachypoda,
Actaea pachypoda × A. rubra = A. ×ludovici,Actaea,pachypoda × A. rubra = A. ×ludovici,
Actaea racemosa,Actaea,racemosa,
Actaea rubra,Actaea,rubra,
Actinidia arguta,Actinidia,arguta,
Actinidia polygama,Actinidia,polygama,
Adiantum capillus-veneris,Adiantum,capillus-veneris,
Adiantum pedatum,Adiantum,pedatum,
Adlumia fungosa,Adlumia,fungosa,
Adonis aestivalis,Adonis,aestivalis,
Adoxa moschatellina,Adoxa,moschatellina,
Aegilops crassa,Aegilops,crassa,
Aegilops cylindrica,Aegilops,cylindrica,
Aegilops geniculata,Aegilops,geniculata,
Aegilops tauschii,Aegilops,tauschii,
Aegilops triuncialis,Aegilops,triuncialis,var. ?
Aegilops triuncialis var. triuncialis,Aegilops,triuncialis,var. triuncialis
Aegopodium podagraria,Aegopodium,podagraria,
Aesculus flava,Aesculus,flava,
Aesculus glabra,Aesculus,glabra,var. ?
Aesculus glabra var. glabra,Aesculus,glabra,var. glabra
Aesculus hippocastanum,Aesculus,hippocastanum,
Aesculus parviflora,Aesculus,parviflora,
Aethusa cynapium,Aethusa,cynapium,
Agalinis decemloba,Agalinis,decemloba,
Agalinis maritima,Agalinis,maritima,var. ?
Agalinis maritima var. maritima,Agalinis,maritima,var. maritima
Agalinis paupercula,Agalinis,paupercula,
Agalinis purpurea,Agalinis,purpurea,
Agalinis setacea,Agalinis,setacea,
Agalinis tenuifolia,Agalinis,tenuifolia,
Agastache foeniculum,Agastache,foeniculum,
Agastache nepetoides,Agastache,nepetoides,
Agastache scrophulariifolia,Agastache,scrophulariifolia,
Ageratina altissima,Ageratina,altissima,
Ageratina aromatica,Ageratina,aromatica,
Ageratum houstonianum,Ageratum,houstonianum,
Agrimonia eupatoria,Agrimonia,eupatoria,
Agrimonia gryposepala,Agrimonia,gryposepala,
Agrimonia parviflora,Agrimonia,parviflora,
Agrimonia pubescens,Agrimonia,pubescens,
Agrimonia rostellata,Agrimonia,rostellata,
Agrimonia striata,Agrimonia,striata,
Agropyron cristatum,Agropyron,cristatum,
Agrostemma githago,Agrostemma,githago,var. ?
Agrostemma githago var. githago,Agrostemma,githago,var. githago
Agrostis canina,Agrostis,canina,
Agrostis capillaris,Agrostis,capillaris,
Agrostis gigantea,Agrostis,gigantea,
Agrostis hyemalis,Agrostis,hyemalis,
Agrostis mertensii,Agrostis,mertensii,
Agrostis perennans,Agrostis,perennans,
Agrostis scabra,Agrostis,scabra,
Agrostis stolonifera,Agrostis,stolonifera,
Ailanthus altissima,Ailanthus,altissima,
Aira caryophyllea,Aira,caryophyllea,var. ?
Aira caryophyllea var. caryophyllea,Aira,caryophyllea,var. caryophyllea
Aira praecox,Aira,praecox,
Aizopsis aizoon,Aizopsis,aizoon,
Aizopsis ellacombeana,Aizopsis,ellacombeana,ssp. ?
Aizopsis ellacombeana ssp. ellacombeana,Aizopsis,ellacombeana,ssp. ellacombeana
Aizopsis kamtschatica,Aizopsis,kamtschatica,
Ajuga genevensis,Ajuga,genevensis,
Ajuga reptans,Ajuga,reptans,
Akebia quinata,Akebia,quinata,
Albizia julibrissin,Albizia,julibrissin,
Alcea rosea,Alcea,rosea,
Alchemilla micans,Alchemilla,micans,
Alchemilla monticola,Alchemilla,monticola,
Aldrovanda vesiculosa,Aldrovanda,vesiculosa,
Aletris farinosa,Aletris,farinosa,
Alisma gramineum,Alisma,gramineum,
Alisma subcordatum,Alisma,subcordatum,
Alisma triviale,Alisma,triviale,
Alkekengi officinarum,Alkekengi,officinarum,
Alliaria petiolata,Alliaria,petiolata,
Allium burdickii,Allium,burdickii,
Allium canadense,Allium,canadense,var. ?
Allium canadense var. canadense,Allium,canadense,var. canadense
Allium cepa,Allium,cepa,
Allium cernuum,Allium,cernuum,
Allium neapolitanum,Allium,neapolitanum,
Allium porrum,Allium,porrum,
Allium sativum,Allium,sativum,var. ?
Allium sativum var. ophioscorodon,Allium,sativum,var. ophioscorodon
Allium schoenoprasum,Allium,schoenoprasum,
Allium sphaerocephalon,Allium,sphaerocephalon,
Allium tricoccum,Allium,tricoccum,
Allium tuberosum,Allium,tuberosum,
Allium vineale,Allium,vineale,
Alnus alnobetula,Alnus,alnobetula,ssp. ?
Alnus alnobetula ssp. crispa,Alnus,alnobetula,ssp. crispa
Alnus glutinosa,Alnus,glutinosa,
Alnus incana,Alnus,incana,ssp. ?
Alnus incana ssp. rugosa,Alnus,incana,ssp. rugosa
Alnus incana ssp. rugosa × A. serrulata = A. ×fallacina,Alnus,incana ssp. rugosa × A. serrulata = A. ×fallacina,ssp. ?
Alnus incana ssp. rugosa × A. serrulata = A. ×fallacina,Alnus,incana ssp. rugosa × A. serrulata = A. ×fallacina,ssp. rugosa × A. serrulata = A. ×fallacina
Alnus serrulata,Alnus,serrulata,
Alopecurus aequalis,Alopecurus,aequalis,var. ?
Alopecurus aequalis var. aequalis,Alopecurus,aequalis,var. aequalis
Alopecurus arundinaceus,Alopecurus,arundinaceus,
Alopecurus carolinianus,Alopecurus,carolinianus,
Alopecurus geniculatus,Alopecurus,geniculatus,
Alopecurus myosuroides,Alopecurus,myosuroides,
Alopecurus pratensis,Alopecurus,pratensis,
Alternanthera pungens,Alternanthera,pungens,
Althaea officinalis,Althaea,officinalis,
Alyssum alyssoides,Alyssum,alyssoides,
Alyssum murale,Alyssum,murale,
Amaranthus albus,Amaranthus,albus,
Amaranthus blitoides,Amaranthus,blitoides,
Amaranthus blitum,Amaranthus,blitum,
Amaranthus cannabinus,Amaranthus,cannabinus,
Amaranthus caudatus,Amaranthus,caudatus,
Amaranthus crispus,Amaranthus,crispus,
Amaranthus cruentus,Amaranthus,cruentus,
Amaranthus deflexus,Amaranthus,deflexus,
Amaranthus hybridus,Amaranthus,hybridus,ssp. ?
Amaranthus hybridus ssp. hybridus,Amaranthus,hybridus,ssp. hybridus
Amaranthus hypochondriacus,Amaranthus,hypochondriacus,
Amaranthus palmeri,Amaranthus,palmeri,
Amaranthus powellii,Amaranthus,powellii,ssp. ?
Amaranthus powellii ssp. powellii,Amaranthus,powellii,ssp. powellii
Amaranthus pumilus,Amaranthus,pumilus,
Amaranthus retroflexus,Amaranthus,retroflexus,
Amaranthus spinosus,Amaranthus,spinosus,
Amaranthus tuberculatus,Amaranthus,tuberculatus,
Amaranthus viridis,Amaranthus,viridis,
Amauriopsis pedata,Amauriopsis,pedata,
Amauropelta noveboracensis,Amauropelta,noveboracensis,
Ambrosia artemisiifolia,Ambrosia,artemisiifolia,
Ambrosia artemisiifolia × A. trifida = A. ×helenae,Ambrosia,artemisiifolia × A. trifida = A. ×helenae,
Ambrosia bidentata,Ambrosia,bidentata,
Ambrosia psilostachya,Ambrosia,psilostachya,
Ambrosia trifida,Ambrosia,trifida,
Amelanchier alnifolia,Amelanchier,alnifolia,
Amelanchier alnifolia × A. amabilis,Amelanchier,alnifolia × A. amabilis,
Amelanchier amabilis,Amelanchier,amabilis,
Amelanchier amabilis × A. arborea,Amelanchier,amabilis × A. arborea,
Amelanchier arborea,Amelanchier,arborea,
Amelanchier arborea × A. laevis = A. ×grandiflora,Amelanchier,arborea × A. laevis = A. ×grandiflora,
Amelanchier bartramiana,Amelanchier,bartramiana,
Amelanchier bartramiana × A. laevis = A. ×neglecta,Amelanchier,bartramiana × A. laevis = A. ×neglecta,
Amelanchier canadensis,Amelanchier,canadensis,var. ?
Amelanchier canadensis var. canadensis,Amelanchier,canadensis,var. canadensis
Amelanchier intermedia,Amelanchier,intermedia,
Amelanchier laevis,Amelanchier,laevis,
Amelanchier nantucketensis,Amelanchier,nantucketensis,
Amelanchier sanguinea,Amelanchier,sanguinea,
Amelanchier spicata,Amelanchier,spicata,
Amerorchis rotundifolia,Amerorchis,rotundifolia,
Amianthium muscitoxicum,Amianthium,muscitoxicum,
Ammannia coccinea,Ammannia,coccinea,
Amorpha fruticosa,Amorpha,fruticosa,
Ampelopsis aconitifolia,Ampelopsis,aconitifolia,
Ampelopsis cordata,Ampelopsis,cordata,
Ampelopsis glandulosa,Ampelopsis,glandulosa,
Amphiachyris dracunculoides,Amphiachyris,dracunculoides,
Amphicarpaea bracteata,Amphicarpaea,bracteata,
Amphicarpum amphicarpon,Amphicarpum,amphicarpon,
Amsinckia intermedia,Amsinckia,intermedia,
Amsinckia lycopsoides,Amsinckia,lycopsoides,
Amsinckia menziesii,Amsinckia,menziesii,
Amsonia illustris,Amsonia,illustris,
Amsonia tabernaemontana,Amsonia,tabernaemontana,
Anaphalis margaritacea,Anaphalis,margaritacea,
Anchistea virginica,Anchistea,virginica,
Anchusa arvensis,Anchusa,arvensis,
Anchusa azurea,Anchusa,azurea,
Anchusa officinalis,Anchusa,officinalis,
Andersonglossum boreale,Andersonglossum,boreale,
Andersonglossum virginianum,Andersonglossum,virginianum,
Andromeda polifolia,Andromeda,polifolia,var. ?
Andromeda polifolia var. latifolia,Andromeda,polifolia,var. latifolia
Andropogon gerardi,Andropogon,gerardi,
Andropogon glomeratus,Andropogon,glomeratus,var. ?
Andropogon glomeratus var. glomeratus,Andropogon,glomeratus,var. glomeratus
Andropogon virginicus,Andropogon,virginicus,var. ?
Andropogon virginicus var. virginicus,Andropogon,virginicus,var. virginicus
Androsace maxima,Androsace,maxima,
Anemone canadensis,Anemone,canadensis,
Anemone cylindrica,Anemone,cylindrica,
Anemone multifida,Anemone,multifida,var. ?
Anemone multifida var. multifida,Anemone,multifida,var. multifida
Anemone quinquefolia,Anemone,quinquefolia,var. ?
Anemone quinquefolia var. quinquefolia,Anemone,quinquefolia,var. quinquefolia
Anemone virginiana,Anemone,virginiana,
Anethum graveolens,Anethum,graveolens,
Angelica atropurpurea,Angelica,atropurpurea,
Angelica lucida,Angelica,lucida,
Angelica venenosa,Angelica,venenosa,
Anoda cristata,Anoda,cristata,
Antennaria howellii,Antennaria,howellii,
Antennaria howellii,Antennaria,howellii,ssp. ?
Antennaria howellii ssp. canadensis,Antennaria,howellii,ssp. canadensis
Antennaria howellii ssp. neodioica,Antennaria,howellii,ssp. neodioica
Antennaria howellii ssp. petaloidea,Antennaria,howellii,ssp. petaloidea
Antennaria neglecta,Antennaria,neglecta,
Antennaria parlinii,Antennaria,parlinii,
Antennaria parlinii,Antennaria,parlinii,ssp. ?
Antennaria parlinii ssp. fallax,Antennaria,parlinii,ssp. fallax
Antennaria parlinii ssp. parlinii,Antennaria,parlinii,ssp. parlinii
Antennaria plantaginifolia,Antennaria,plantaginifolia,
Anthemis arvensis,Anthemis,arvensis,
Anthemis cotula,Anthemis,cotula,
Anthoxanthum hirtum,Anthoxanthum,hirtum,
Anthoxanthum monticola,Anthoxanthum,monticola,ssp. ?
Anthoxanthum monticola ssp. monticola,Anthoxanthum,monticola,ssp. monticola
Anthoxanthum nitens,Anthoxanthum,nitens,ssp. ?
Anthoxanthum nitens ssp. nitens,Anthoxanthum,nitens,ssp. nitens
Anthoxanthum odoratum,Anthoxanthum,odoratum,
Anthoxanthum ovatum,Anthoxanthum,ovatum,var. ?
Anthoxanthum ovatum var. aristatum,Anthoxanthum,ovatum,var. aristatum
Anthriscus caucalis,Anthriscus,caucalis,
Anthriscus cerefolium,Anthriscus,cerefolium,
Anthriscus sylvestris,Anthriscus,sylvestris,
Anthyllis vulneraria,Anthyllis,vulneraria,
Anticlea elegans,Anticlea,elegans,var. ?
Anticlea elegans var. glauca,Anticlea,elegans,var. glauca
Antirrhinum majus,Antirrhinum,majus,
Apera interrupta,Apera,interrupta,
Apera spica-venti,Apera,spica-venti,
Aphanes australis,Aphanes,australis,
Aphyllon uniflorum,Aphyllon,uniflorum,
Apios americana,Apios,americana,
Apium graveolens,Apium,graveolens,
Aplectrum hyemale,Aplectrum,hyemale,
Apocynum androsaemifolium,Apocynum,androsaemifolium,
Apocynum androsaemifolium × A. cannabinum = A. ×floribundum,Apocynum,androsaemifolium × A. cannabinum = A. ×floribundum,
Apocynum cannabinum,Apocynum,cannabinum,
Aquilegia canadensis,Aquilegia,canadensis,
Aquilegia vulgaris,Aquilegia,vulgaris,
Arabidopsis lyrata,Arabidopsis,lyrata,ssp. ?
Arabidopsis lyrata ssp. lyrata,Arabidopsis,lyrata,ssp. lyrata
Arabidopsis thaliana,Arabidopsis,thaliana,
Arabis adpressipilis,Arabis,adpressipilis,
Arabis caucasica,Arabis,caucasica,
Arabis pycnocarpa,Arabis,pycnocarpa,
Aralia elata,Aralia,elata,
Aralia hispida,Aralia,hispida,
Aralia nudicaulis,Aralia,nudicaulis,
Aralia racemosa,Aralia,racemosa,
Aralia spinosa,Aralia,spinosa,
Arceuthobium pusillum,Arceuthobium,pusillum,
Arctium lappa,Arctium,lappa,
Arctium minus,Arctium,minus,
Arctostaphylos uva-ursi,Arctostaphylos,uva-ursi,
Arenaria serpyllifolia,Arenaria,serpyllifolia,
Arethusa bulbosa,Arethusa,bulbosa,
Argemone albiflora,Argemone,albiflora,ssp. ?
Argemone albiflora ssp. albiflora,Argemone,albiflora,ssp. albiflora
Argemone mexicana,Argemone,mexicana,
Arisaema dracontium,Arisaema,dracontium,
Arisaema pusillum,Arisaema,pusillum,
Arisaema stewardsonii,Arisaema,stewardsonii,
Arisaema stewardsonii × A. triphyllum,Arisaema,stewardsonii × A. triphyllum,
Arisaema triphyllum,Arisaema,triphyllum,
Aristida adscensionis,Aristida,adscensionis,
Aristida basiramea,Aristida,basiramea,
Aristida dichotoma,Aristida,dichotoma,var. ?
Aristida dichotoma var. dichotoma,Aristida,dichotoma,var. dichotoma
Aristida geniculata,Aristida,geniculata,
Aristida longespica,Aristida,longespica,
Aristida oligantha,Aristida,oligantha,
Aristida purpurascens,Aristida,purpurascens,var. ?
Aristida purpurascens var. purpurascens,Aristida,purpurascens,var. purpurascens
Aristida tuberculosa,Aristida,tuberculosa,
Aristolochia clematitis,Aristolochia,clematitis,
Armoracia rusticana,Armoracia,rusticana,
Arnica lanceolata,Arnica,lanceolata,ssp. ?
Arnica lanceolata ssp. lanceolata,Arnica,lanceolata,ssp. lanceolata
Arnoglossum atriplicifolium,Arnoglossum,atriplicifolium,
Arnoseris minima,Arnoseris,minima,
Aronia arbutifolia,Aronia,arbutifolia,
Aronia melanocarpa,Aronia,melanocarpa,
Aronia prunifolia,Aronia,prunifolia,
Arrhenatherum elatius,Arrhenatherum,elatius,ssp. ?
Arrhenatherum elatius ssp. elatius,Arrhenatherum,elatius,ssp. elatius
Artemisia abrotanum,Artemisia,abrotanum,
Artemisia absinthium,Artemisia,absinthium,
Artemisia annua,Artemisia,annua,
Artemisia biennis,Artemisia,biennis,
Artemisia campestris,Artemisia,campestris,ssp. ?
Artemisia campestris ssp. caudata,Artemisia,campestris,ssp. caudata
Artemisia carruthii,Artemisia,carruthii,
Artemisia dracunculus,Artemisia,dracunculus,
Artemisia frigida,Artemisia,frigida,
Artemisia ludoviciana,Artemisia,ludoviciana,ssp. ?
Artemisia ludoviciana ssp. ludoviciana,Artemisia,ludoviciana,ssp. ludoviciana
Artemisia pontica,Artemisia,pontica,
Artemisia serrata,Artemisia,serrata,
Artemisia stelleriana,Artemisia,stelleriana,
Artemisia tridentata,Artemisia,tridentata,ssp. ?
Artemisia tridentata ssp. tridentata,Artemisia,tridentata,ssp. tridentata
Artemisia umbelliformis,Artemisia,umbelliformis,
Artemisia vulgaris,Artemisia,vulgaris,
Arthraxon hispidus,Arthraxon,hispidus,var. ?
Arthraxon hispidus var. hispidus,Arthraxon,hispidus,var. hispidus
Arum italicum,Arum,italicum,ssp. ?
Arum italicum ssp. italicum,Arum,italicum,ssp. italicum
Aruncus dioicus,Aruncus,dioicus,var. ?
Aruncus dioicus var. vulgaris,Aruncus,dioicus,var. vulgaris
Asarum canadense,Asarum,canadense,
Asclepias amplexicaulis,Asclepias,amplexicaulis,
Asclepias amplexicaulis × A. syriaca = A. ×intermedia,Asclepias,amplexicaulis × A. syriaca = A. ×intermedia,
Asclepias exaltata,Asclepias,exaltata,
Asclepias incarnata,Asclepias,incarnata,
Asclepias incarnata,Asclepias,incarnata,ssp. ?
Asclepias incarnata ssp. incarnata,Asclepias,incarnata,ssp. incarnata
Asclepias incarnata ssp. pulchra,Asclepias,incarnata,ssp. pulchra
Asclepias purpurascens,Asclepias,purpurascens,
Asclepias quadrifolia,Asclepias,quadrifolia,
Asclepias rubra,Asclepias,rubra,
Asclepias syriaca,Asclepias,syriaca,
Asclepias tuberosa,Asclepias,tuberosa,
Asclepias variegata,Asclepias,variegata,
Asclepias verticillata,Asclepias,verticillata,
Asclepias viridiflora,Asclepias,viridiflora,
Asimina triloba,Asimina,triloba,
Asparagus officinalis,Asparagus,officinalis,
Asperugo procumbens,Asperugo,procumbens,
Asplenium bradleyi,Asplenium,bradleyi,
Asplenium montanum,Asplenium,montanum,
Asplenium pinnatifidum,Asplenium,pinnatifidum,
Asplenium platyneuron,Asplenium,platyneuron,
Asplenium platyneuron × A. rhizophyllum = A. ×ebenoides,Asplenium,platyneuron × A. rhizophyllum = A. ×ebenoides,
Asplenium rhizophyllum,Asplenium,rhizophyllum,
Asplenium ruta-muraria,Asplenium,ruta-muraria,
Asplenium scolopendrium,Asplenium,scolopendrium,var. ?
Asplenium scolopendrium var. americanum,Asplenium,scolopendrium,var. americanum
Asplenium trichomanes,Asplenium,trichomanes,
Asplenium trichomanes,Asplenium,trichomanes,ssp. ?
Asplenium trichomanes ssp. quadrivalens,Asplenium,trichomanes,ssp. quadrivalens
Asplenium trichomanes ssp. trichomanes,Asplenium,trichomanes,ssp. trichomanes
Asplenium viride,Asplenium,viride,
Astilbe japonica,Astilbe,japonica,
Astragalus canadensis,Astragalus,canadensis,var. ?
Astragalus canadensis var. canadensis,Astragalus,canadensis,var. canadensis
Astragalus glycyphyllos,Astragalus,glycyphyllos,
Astragalus neglectus,Astragalus,neglectus,
Athyrium angustum,Athyrium,angustum,
Athyrium asplenioides,Athyrium,asplenioides,
Athysanus pusillus,Athysanus,pusillus,
Atocion armeria,Atocion,armeria,
Atriplex argentea,Atriplex,argentea,
Atriplex dioica,Atriplex,dioica,
Atriplex glabriuscula,Atriplex,glabriuscula,
Atriplex hortensis,Atriplex,hortensis,
Atriplex mucronata,Atriplex,mucronata,
Atriplex patula,Atriplex,patula,
Atriplex prostrata,Atriplex,prostrata,
Atriplex rosea,Atriplex,rosea,
Atriplex serenana,Atriplex,serenana,var. ?
Atriplex serenana var. serenana,Atriplex,serenana,var. serenana
Atriplex tatarica,Atriplex,tatarica,
Aureolaria flava,Aureolaria,flava,
Aureolaria pedicularia,Aureolaria,pedicularia,
Aureolaria virginica,Aureolaria,virginica,
Aurinia petraea,Aurinia,petraea,
Aurinia saxatilis,Aurinia,saxatilis,ssp. ?
Aurinia saxatilis ssp. saxatilis,Aurinia,saxatilis,ssp. saxatilis
Avena fatua,Avena,fatua,
Avena sativa,Avena,sativa,
Avenella flexuosa,Avenella,flexuosa,
Axyris amaranthoides,Axyris,amaranthoides,
Azolla cristata,Azolla,cristata,
Baccharis halimifolia,Baccharis,halimifolia,
Ballota nigra,Ballota,nigra,ssp. ?
Ballota nigra ssp. foetida,Ballota,nigra,ssp. foetida
Baptisia australis,Baptisia,australis,var. ?
Baptisia australis var. australis,Baptisia,australis,var. australis
Baptisia lactea,Baptisia,lactea,
Baptisia tinctoria,Baptisia,tinctoria,
Barbarea stricta,Barbarea,stricta,
Barbarea verna,Barbarea,verna,
Barbarea vulgaris,Barbarea,vulgaris,
Bartonia paniculata,Bartonia,paniculata,ssp. ?
Bartonia paniculata ssp. paniculata,Bartonia,paniculata,ssp. paniculata
Bartonia virginica,Bartonia,virginica,
Bassia hyssopifolia,Bassia,hyssopifolia,
Bassia scoparia,Bassia,scoparia,
Beckmannia syzigachne,Beckmannia,syzigachne,
Bellis perennis,Bellis,perennis,
Berberis aquifolium,Berberis,aquifolium,
Berberis julianae,Berberis,julianae,
Berberis thunbergii,Berberis,thunbergii,
Berberis thunbergii × B. vulgaris = B. ×ottawensis,Berberis,thunbergii × B. vulgaris = B. ×ottawensis,
Berberis vulgaris,Berberis,vulgaris,
Berteroa incana,Berteroa,incana,
Berula erecta,Berula,erecta,
Beta vulgaris,Beta,vulgaris,
Betonica officinalis,Betonica,officinalis,
Betula alleghaniensis,Betula,alleghaniensis,
Betula cordifolia,Betula,cordifolia,
Betula cordifolia × B. populifolia = B. ×caerulea,Betula,cordifolia × B. populifolia = B. ×caerulea,
Betula glandulosa,Betula,glandulosa,
Betula lenta,Betula,lenta,
Betula minor,Betula,minor,
Betula nigra,Betula,nigra,
Betula papyrifera,Betula,papyrifera,
Betula papyrifera × B. pumila = B. ×sandbergii,Betula,papyrifera × B. pumila = B. ×sandbergii,
Betula pendula,Betula,pendula,
Betula populifolia,Betula,populifolia,
Betula pumila,Betula,pumila,
Bidens aristosa,Bidens,aristosa,
Bidens beckii,Bidens,beckii,
Bidens bidentoides,Bidens,bidentoides,
Bidens bipinnata,Bidens,bipinnata,
Bidens cernua,Bidens,cernua,
Bidens connata,Bidens,connata,
Bidens discoidea,Bidens,discoidea,
Bidens eatonii,Bidens,eatonii,
Bidens frondosa,Bidens,frondosa,
Bidens laevis,Bidens,laevis,
Bidens polylepis,Bidens,polylepis,
Bidens tenuisecta,Bidens,tenuisecta,
Bidens trichosperma,Bidens,trichosperma,
Bidens tripartita,Bidens,tripartita,ssp. ?
Bidens tripartita ssp. comosa,Bidens,tripartita,ssp. comosa
Bidens vulgata,Bidens,vulgata,
Blepharipappus scabra,Blepharipappus,scabra,
Blephilia ciliata,Blephilia,ciliata,
Blephilia hirsuta,Blephilia,hirsuta,
Blitum bonus-henricus,Blitum,bonus-henricus,
Blitum capitatum,Blitum,capitatum,ssp. ?
Blitum capitatum ssp. capitatum,Blitum,capitatum,ssp. capitatum
Blitum nuttallianum,Blitum,nuttallianum,
Blitum virgatum,Blitum,virgatum,ssp. ?
Blitum virgatum ssp. virgatum,Blitum,virgatum,ssp. virgatum
Boechera grahamii,Boechera,grahamii,
Boechera stricta,Boechera,stricta,
Boehmeria cylindrica,Boehmeria,cylindrica,
Bolboschoenus fluviatilis,Bolboschoenus,fluviatilis,
Bolboschoenus glaucus,Bolboschoenus,glaucus,
Bolboschoenus maritimus,Bolboschoenus,maritimus,ssp. ?
Bolboschoenus maritimus ssp. paludosus,Bolboschoenus,maritimus,ssp. paludosus
Bolboschoenus novae-angliae,Bolboschoenus,novae-angliae,
Bolboschoenus robustus,Bolboschoenus,robustus,
Boltonia asteroides,Boltonia,asteroides,
Boltonia asteroides,Boltonia,asteroides,var. ?
Boltonia asteroides var. asteroides,Boltonia,asteroides,var. asteroides
Boltonia asteroides var. recognita,Boltonia,asteroides,var. recognita
Borago officinalis,Borago,officinalis,
Borodinia canadensis,Borodinia,canadensis,
Borodinia dentata,Borodinia,dentata,
Borodinia laevigata,Borodinia,laevigata,
Borodinia missouriensis,Borodinia,missouriensis,
Bothriochloa ischaemum,Bothriochloa,ischaemum,var. ?
Bothriochloa ischaemum var. ischaemum,Bothriochloa,ischaemum,var. ischaemum
Botrychium angustisegmentum,Botrychium,angustisegmentum,
Botrychium campestre,Botrychium,campestre,
Botrychium dissectum,Botrychium,dissectum,
Botrychium matricariifolium,Botrychium,matricariifolium,
Botrychium minganense,Botrychium,minganense,
Botrychium multifidum,Botrychium,multifidum,
Botrychium neolunaria,Botrychium,neolunaria,
Botrychium oneidense,Botrychium,oneidense,
Botrychium rugulosum,Botrychium,rugulosum,
Botrychium simplex,Botrychium,simplex,
Botrychium tenebrosum,Botrychium,tenebrosum,
Botrychium virginianum,Botrychium,virginianum,
Bouteloua curtipendula,Bouteloua,curtipendula,var. ?
Bouteloua curtipendula var. curtipendula,Bouteloua,curtipendula,var. curtipendula
Bouteloua gracilis,Bouteloua,gracilis,
Brachyelytrum aristosum,Brachyelytrum,aristosum,
Brachyelytrum erectum,Brachyelytrum,erectum,
Brachypodium sylvaticum,Brachypodium,sylvaticum,ssp. ?
Brachypodium sylvaticum ssp. sylvaticum,Brachypodium,sylvaticum,ssp. sylvaticum
Brasenia schreberi,Brasenia,schreberi,
Brassica juncea,Brassica,juncea,
Brassica napus,Brassica,napus,
Brassica nigra,Brassica,nigra,
Brassica oleracea,Brassica,oleracea,
Brassica rapa,Brassica,rapa,
Briza maxima,Briza,maxima,
Briza media,Briza,media,
Bromus arvensis,Bromus,arvensis,
Bromus briziformis,Bromus,briziformis,
Bromus carinatus,Bromus,carinatus,var. ?
Bromus carinatus var. carinatus,Bromus,carinatus,var. carinatus
Bromus catharticus,Bromus,catharticus,var. ?
Bromus catharticus var. catharticus,Bromus,catharticus,var. catharticus
Bromus ciliatus,Bromus,ciliatus,
Bromus commutatus,Bromus,commutatus,
Bromus danthoniae,Bromus,danthoniae,
Bromus diandrus,Bromus,diandrus,
Bromus erectus,Bromus,erectus,
Bromus hordeaceus,Bromus,hordeaceus,
Bromus inermis,Bromus,inermis,
Bromus japonicus,Bromus,japonicus,
Bromus kalmii,Bromus,kalmii,
Bromus lanceolatus,Bromus,lanceolatus,
Bromus latiglumis,Bromus,latiglumis,
Bromus lepidus,Bromus,lepidus,
Bromus nottowayanus,Bromus,nottowayanus,
Bromus pubescens,Bromus,pubescens,
Bromus racemosus,Bromus,racemosus,
Bromus riparius,Bromus,riparius,
Bromus rubens,Bromus,rubens,
Bromus scoparius,Bromus,scoparius,
Bromus secalinus,Bromus,secalinus,
Bromus squarrosus,Bromus,squarrosus,var. ?
Bromus squarrosus var. squarrosus,Bromus,squarrosus,var. squarrosus
Bromus sterilis,Bromus,sterilis,
Bromus tectorum,Bromus,tectorum,
Broussonetia papyrifera,Broussonetia,papyrifera,
Brunnera macrophylla,Brunnera,macrophylla,
Buchnera americana,Buchnera,americana,
Buddleja alternifolia,Buddleja,alternifolia,
Buddleja davidii,Buddleja,davidii,
Buglossoides arvensis,Buglossoides,arvensis,
Bulbostylis capillaris,Bulbostylis,capillaris,
Bunias orientalis,Bunias,orientalis,
Bupleurum rotundifolium,Bupleurum,rotundifolium,
Butomus umbellatus,Butomus,umbellatus,
Buxus sempervirens,Buxus,sempervirens,
Cabomba caroliniana,Cabomba,caroliniana,
Cakile edentula,Cakile,edentula,
Cakile edentula,Cakile,edentula,var. ?
Cakile edentula var. edentula,Cakile,edentula,var. edentula
Cakile edentula var. lacustris,Cakile,edentula,var. lacustris
Cakile maritima,Cakile,maritima,ssp. ?
Cakile maritima ssp. maritima,Cakile,maritima,ssp. maritima
Calamagrostis breviligulata,Calamagrostis,breviligulata,
Calamagrostis canadensis,Calamagrostis,canadensis,
Calamagrostis canadensis,Calamagrostis,canadensis,var. ?
Calamagrostis canadensis var. canadensis,Calamagrostis,canadensis,var. canadensis
Calamagrostis canadensis var. langsdorffii,Calamagrostis,canadensis,var. langsdorffii
Calamagrostis epigeios,Calamagrostis,epigeios,
Calamagrostis macrolepis,Calamagrostis,macrolepis,
Calamagrostis perplexa,Calamagrostis,perplexa,
Calamagrostis pickeringii,Calamagrostis,pickeringii,
Calamagrostis porteri,Calamagrostis,porteri,ssp. ?
Calamagrostis porteri ssp. porteri,Calamagrostis,porteri,ssp. porteri
Calamagrostis stricta,Calamagrostis,stricta,
Calamagrostis stricta,Calamagrostis,stricta,ssp. ?
Calamagrostis stricta ssp. inexpansa,Calamagrostis,stricta,ssp. inexpansa
Calamagrostis stricta ssp. stricta,Calamagrostis,stricta,ssp. stricta
Calendula officinalis,Calendula,officinalis,
Calibrachoa parviflora,Calibrachoa,parviflora,
Calla palustris,Calla,palustris,
Callicarpa dichotoma,Callicarpa,dichotoma,
Callicarpa japonica,Callicarpa,japonica,
Callistephus chinensis,Callistephus,chinensis,
Callitriche hermaphroditica,Callitriche,hermaphroditica,
Callitriche heterophylla,Callitriche,heterophylla,ssp. ?
Callitriche heterophylla ssp. heterophylla,Callitriche,heterophylla,ssp. heterophylla
Callitriche palustris,Callitriche,palustris,
Callitriche stagnalis,Callitriche,stagnalis,
Callitriche terrestris,Callitriche,terrestris,
Calluna vulgaris,Calluna,vulgaris,
Calopogon tuberosus,Calopogon,tuberosus,var. ?
Calopogon tuberosus var. tuberosus,Calopogon,tuberosus,var. tuberosus
Caltha palustris,Caltha,palustris,
Calycanthus floridus,Calycanthus,floridus,
Calypso bulbosa,Calypso,bulbosa,var. ?
Calypso bulbosa var. americana,Calypso,bulbosa,var. americana
Calystegia hederacea,Calystegia,hederacea,
Calystegia pubescens,Calystegia,pubescens,
Calystegia sepium,Calystegia,sepium,
Calystegia silvatica,Calystegia,silvatica,ssp. ?
Calystegia silvatica ssp. fraterniflora,Calystegia,silvatica,ssp. fraterniflora
Calystegia spithamaea,Calystegia,spithamaea,ssp. ?
Calystegia spithamaea ssp. spithamaea,Calystegia,spithamaea,ssp. spithamaea
Camelina microcarpa,Camelina,microcarpa,
Camelina sativa,Camelina,sativa,
Campanula glomerata,Campanula,glomerata,
Campanula medium,Campanula,medium,
Campanula persicifolia,Campanula,persicifolia,
Campanula rapunculoides,Campanula,rapunculoides,
Campanula rotundifolia,Campanula,rotundifolia,
Campanula trachelium,Campanula,trachelium,
Campanulastrum americanum,Campanulastrum,americanum,
Campsis radicans,Campsis,radicans,
Canna indica × C. glauca = C. ×generalis,Canna,indica × C. glauca = C. ×generalis,
Cannabis sativa,Cannabis,sativa,
Capnoides sempervirens,Capnoides,sempervirens,
Capsella bursa-pastoris,Capsella,bursa-pastoris,
Capsicum annuum,Capsicum,annuum,
Caragana arborescens,Caragana,arborescens,
Cardamine bulbosa,Cardamine,bulbosa,
Cardamine concatenata,Cardamine,concatenata,
Cardamine diphylla,Cardamine,diphylla,
Cardamine douglassii,Cardamine,douglassii,
Cardamine hirsuta,Cardamine,hirsuta,
Cardamine impatiens,Cardamine,impatiens,
Cardamine maxima,Cardamine,maxima,
Cardamine occulta,Cardamine,occulta,
Cardamine parviflora,Cardamine,parviflora,
Cardamine pensylvanica,Cardamine,pensylvanica,
Cardamine pratensis,Cardamine,pratensis,
Cardamine rotundifolia,Cardamine,rotundifolia,
Cardiospermum halicacabum,Cardiospermum,halicacabum,
Carduus acanthoides,Carduus,acanthoides,ssp. ?
Carduus acanthoides ssp. acanthoides,Carduus,acanthoides,ssp. acanthoides
Carduus crispus,Carduus,crispus,
Carduus nutans,Carduus,nutans,
Carduus pycnocephalus,Carduus,pycnocephalus,ssp. ?
Carduus pycnocephalus ssp. pycnocephalus,Carduus,pycnocephalus,ssp. pycnocephalus
Carex abscondita,Carex,abscondita,
Carex acutiformis,Carex,acutiformis,
Carex adusta,Carex,adusta,
Carex aestivalis,Carex,aestivalis,
Carex aestivalis × C. gracillima = C. ×aestivaliformis,Carex,aestivalis × C. gracillima = C. ×aestivaliformis,
Carex aggregata,Carex,aggregata,
Carex alata,Carex,alata,
Carex albicans,Carex,albicans,
Carex albicans × C. umbellata,Carex,albicans × C. umbellata,
Carex albolutescens,Carex,albolutescens,
Carex albursina,Carex,albursina,
Carex alopecoidea,Carex,alopecoidea,
Carex amphibola,Carex,amphibola,
Carex annectens,Carex,annectens,
Carex appalachica,Carex,appalachica,
Carex aquatilis,Carex,aquatilis,
Carex arcta,Carex,arcta,
Carex arcta × C. brunnescens,Carex,arcta × C. brunnescens,
Carex arctata,Carex,arctata,
Carex arctata × C. castanea = C. ×knieskernii,Carex,arctata × C. castanea = C. ×knieskernii,
Carex argyrantha,Carex,argyrantha,
Carex atherodes,Carex,atherodes,
Carex atlantica,Carex,atlantica,
Carex atlantica,Carex,atlantica,ssp. ?
Carex atlantica ssp. atlantica,Carex,atlantica,ssp. atlantica
Carex atlantica ssp. capillacea,Carex,atlantica,ssp. capillacea
Carex atratiformis,Carex,atratiformis,
Carex aurea,Carex,aurea,
Carex backii,Carex,backii,
Carex baileyi,Carex,baileyi,
Carex barrattii,Carex,barrattii,
Carex bebbii,Carex,bebbii,
Carex bicknellii,Carex,bicknellii,
Carex bigelowii,Carex,bigelowii,ssp. ?
Carex bigelowii ssp. bigelowii,Carex,bigelowii,ssp. bigelowii
Carex billingsii,Carex,billingsii,
Carex blanda,Carex,blanda,
Carex brevior,Carex,brevior,
Carex bromoides,Carex,bromoides,ssp. ?
Carex bromoides ssp. bromoides,Carex,bromoides,ssp. bromoides
Carex brunnescens,Carex,brunnescens,
Carex bullata,Carex,bullata,
Carex bushii,Carex,bushii,
Carex buxbaumii,Carex,buxbaumii,
Carex canescens,Carex,canescens,
Carex canescens,Carex,canescens,ssp. ?
Carex canescens ssp. canescens,Carex,canescens,ssp. canescens
Carex canescens ssp. disjuncta,Carex,canescens,ssp. disjuncta
Carex capillaris,Carex,capillaris,
Carex careyana,Carex,careyana,
Carex caroliniana,Carex,caroliniana,
Carex caryophyllea,Carex,caryophyllea,
Carex castanea,Carex,castanea,
Carex cephaloidea,Carex,cephaloidea,
Carex cephalophora,Carex,cephalophora,
Carex chordorrhiza,Carex,chordorrhiza,
Carex collinsii,Carex,collinsii,
Carex communis,Carex,communis,var. ?
Carex communis var. communis,Carex,communis,var. communis
Carex comosa,Carex,comosa,
Carex comosa × C. hystericina,Carex,comosa × C. hystericina,
Carex conjuncta,Carex,conjuncta,
Carex conoidea,Carex,conoidea,
Carex crawei,Carex,crawei,
Carex crawfordii,Carex,crawfordii,
Carex crinita,Carex,crinita,
Carex crinita,Carex,crinita,var. ?
Carex crinita var. brevicrinis,Carex,crinita,var. brevicrinis
Carex crinita var. crinita,Carex,crinita,var. crinita
Carex cristatella,Carex,cristatella,
Carex cryptolepis,Carex,cryptolepis,
Carex cryptolepis × C. flava,Carex,cryptolepis × C. flava,
Carex cryptolepis × C. oederi,Carex,cryptolepis × C. oederi,
Carex cumulata,Carex,cumulata,
Carex davisii,Carex,davisii,
Carex debilis,Carex,debilis,
Carex debilis,Carex,debilis,var. ?
Carex debilis var. debilis,Carex,debilis,var. debilis
Carex debilis var. rudgei,Carex,debilis,var. rudgei
Carex decomposita,Carex,decomposita,
Carex deflexa,Carex,deflexa,var. ?
Carex deflexa var. deflexa,Carex,deflexa,var. deflexa
Carex deweyana,Carex,deweyana,var. ?
Carex deweyana var. deweyana,Carex,deweyana,var. deweyana
Carex diandra,Carex,diandra,
Carex digitalis,Carex,digitalis,var. ?
Carex digitalis var. digitalis,Carex,digitalis,var. digitalis
Carex digitalis × C. laxiculmis var. laxiculmis,Carex,digitalis × C. laxiculmis var. laxiculmis,var. ?
Carex digitalis × C. laxiculmis var. laxiculmis,Carex,digitalis × C. laxiculmis var. laxiculmis,var. laxiculmis
Carex disperma,Carex,disperma,
Carex eburnea,Carex,eburnea,
Carex echinata,Carex,echinata,ssp. ?
Carex echinata ssp. echinata,Carex,echinata,ssp. echinata
Carex echinodes,Carex,echinodes,
Carex emmonsii,Carex,emmonsii,
Carex emoryi,Carex,emoryi,
Carex exilis,Carex,exilis,
Carex extensa,Carex,extensa,
Carex festucacea,Carex,festucacea,
Carex flacca,Carex,flacca,
Carex flava,Carex,flava,
Carex flava × C. oederi = C. ×subviridula,Carex,flava × C. oederi = C. ×subviridula,
Carex foenea,Carex,foenea,
Carex folliculata,Carex,folliculata,
Carex formosa,Carex,formosa,
Carex frankii,Carex,frankii,
Carex garberi,Carex,garberi,
Carex glaucodea,Carex,glaucodea,
Carex gracilescens,Carex,gracilescens,
Carex gracillima,Carex,gracillima,
Carex gracillima × C. hirsutella,Carex,gracillima × C. hirsutella,
Carex gracillima × C. hirtifolia = C. ×sullivantii,Carex,gracillima × C. hirtifolia = C. ×sullivantii,
Carex gracillima × C. swanii,Carex,gracillima × C. swanii,
Carex granularis,Carex,granularis,
Carex grayi,Carex,grayi,
Carex grisea,Carex,grisea,
Carex gynandra,Carex,gynandra,
Carex gynocrates,Carex,gynocrates,
Carex haydenii,Carex,haydenii,
Carex hirsutella,Carex,hirsutella,
Carex hirta,Carex,hirta,
Carex hirtifolia,Carex,hirtifolia,
Carex hitchcockiana,Carex,hitchcockiana,
Carex hormathodes,Carex,hormathodes,
Carex houghtoniana,Carex,houghtoniana,
Carex hystericina,Carex,hystericina,
Carex hystericina × C. pseudocyperus,Carex,hystericina × C. pseudocyperus,
Carex hystericina × C. schweinitzii,Carex,hystericina × C. schweinitzii,
Carex interior,Carex,interior,
Carex intumescens,Carex,intumescens,
Carex jamesii,Carex,jamesii,
Carex kobomugi,Carex,kobomugi,
Carex lacustris,Carex,lacustris,
Carex lacustris × C. trichocarpa,Carex,lacustris × C. trichocarpa,
Carex laevivaginata,Carex,laevivaginata,
Carex lasiocarpa,Carex,lasiocarpa,ssp. ?
Carex lasiocarpa ssp. americana,Carex,lasiocarpa,ssp. americana
Carex laxiculmis,Carex,laxiculmis,
Carex laxiculmis,Carex,laxiculmis,var. ?
Carex laxiculmis var. copulata,Carex,laxiculmis,var. copulata
Carex laxiculmis var. laxiculmis,Carex,laxiculmis,var. laxiculmis
Carex laxiflora,Carex,laxiflora,
Carex laxiflora × C. leptonervia,Carex,laxiflora × C. leptonervia,
Carex leavenworthii,Carex,leavenworthii,
Carex lenticularis,Carex,lenticularis,
Carex leptalea,Carex,leptalea,
Carex leptonervia,Carex,leptonervia,
Carex limosa,Carex,limosa,
Carex livida,Carex,livida,
Carex longii,Carex,longii,
Carex lucorum,Carex,lucorum,
Carex lupuliformis,Carex,lupuliformis,
Carex lupulina,Carex,lupulina,
Carex lupulina × C. lurida,Carex,lupulina × C. lurida,
Carex lupulina × C. retrorsa,Carex,lupulina × C. retrorsa,
Carex lurida,Carex,lurida,
Carex magellanica,Carex,magellanica,ssp. ?
Carex magellanica ssp. irrigua,Carex,magellanica,ssp. irrigua
Carex meadii,Carex,meadii,
Carex merritt-fernaldii,Carex,merritt-fernaldii,
Carex mesochorea,Carex,mesochorea,
Carex michauxiana,Carex,michauxiana,
Carex mitchelliana,Carex,mitchelliana,
Carex molesta,Carex,molesta,
Carex muehlenbergii,Carex,muehlenbergii,
Carex muehlenbergii,Carex,muehlenbergii,var. ?
Carex muehlenbergii var. enervis,Carex,muehlenbergii,var. enervis
Carex muehlenbergii var. muehlenbergii,Carex,muehlenbergii,var. muehlenbergii
Carex muskingumensis,Carex,muskingumensis,
Carex nigra,Carex,nigra,
Carex nigromarginata,Carex,nigromarginata,
Carex normalis,Carex,normalis,
Carex novae-angliae,Carex,novae-angliae,
Carex oederi,Carex,oederi,ssp. ?
Carex oederi ssp. oederi,Carex,oederi,ssp. oederi
Carex oligocarpa,Carex,oligocarpa,
Carex oligosperma,Carex,oligosperma,
Carex ormostachya,Carex,ormostachya,
Carex pallescens,Carex,pallescens,
Carex panicea,Carex,panicea,
Carex pauciflora,Carex,pauciflora,
Carex peckii,Carex,peckii,
Carex pedunculata,Carex,pedunculata,ssp. ?
Carex pedunculata ssp. pedunculata,Carex,pedunculata,ssp. pedunculata
Carex pellita,Carex,pellita,
Carex pensylvanica,Carex,pensylvanica,
Carex pensylvanica × C. umbellata,Carex,pensylvanica × C. umbellata,
Carex plantaginea,Carex,plantaginea,
Carex platyphylla,Carex,platyphylla,
Carex polymorpha,Carex,polymorpha,
Carex praegracilis,Carex,praegracilis,
Carex prairea,Carex,prairea,
Carex prasina,Carex,prasina,
Carex projecta,Carex,projecta,
Carex pseudocyperus,Carex,pseudocyperus,
Carex radiata,Carex,radiata,
Carex retroflexa,Carex,retroflexa,
Carex retrorsa,Carex,retrorsa,
Carex reznicekii,Carex,reznicekii,
Carex richardsonii,Carex,richardsonii,
Carex rosea,Carex,rosea,
Carex rugosperma,Carex,rugosperma,
Carex sartwellii,Carex,sartwellii,
Carex scabrata,Carex,scabrata,
Carex schweinitzii,Carex,schweinitzii,
Carex scirpoidea,Carex,scirpoidea,ssp. ?
Carex scirpoidea ssp. scirpoidea,Carex,scirpoidea,ssp. scirpoidea
Carex scoparia,Carex,scoparia,
Carex secalina,Carex,secalina,
Carex seorsa,Carex,seorsa,
Carex shortiana,Carex,shortiana,
Carex siccata,Carex,siccata,
Carex silicea,Carex,silicea,
Carex sparganioides,Carex,sparganioides,
Carex spicata,Carex,spicata,
Carex sprengelii,Carex,sprengelii,
Carex squarrosa,Carex,squarrosa,
Carex sterilis,Carex,sterilis,
Carex stipata,Carex,stipata,var. ?
Carex stipata var. stipata,Carex,stipata,var. stipata
Carex straminea,Carex,straminea,
Carex striata,Carex,striata,
Carex striatula,Carex,striatula,
Carex stricta,Carex,stricta,
Carex styloflexa,Carex,styloflexa,
Carex swanii,Carex,swanii,
Carex sychnocephala,Carex,sychnocephala,
Carex sylvatica,Carex,sylvatica,
Carex tenera,Carex,tenera,
Carex tenuiflora,Carex,tenuiflora,
Carex tenuiflora × C. trisperma = C. ×trichina,Carex,tenuiflora × C. trisperma = C. ×trichina,
Carex tetanica,Carex,tetanica,
Carex texensis,Carex,texensis,
Carex tincta,Carex,tincta,
Carex tonsa,Carex,tonsa,
Carex torta,Carex,torta,
Carex tribuloides,Carex,tribuloides,var. ?
Carex tribuloides var. tribuloides,Carex,tribuloides,var. tribuloides
Carex trichocarpa,Carex,trichocarpa,
Carex trisperma,Carex,trisperma,
Carex tuckermanii,Carex,tuckermanii,
Carex typhina,Carex,typhina,
Carex umbellata,Carex,umbellata,
Carex utriculata,Carex,utriculata,
Carex vaginata,Carex,vaginata,
Carex venusta,Carex,venusta,
Carex vesicaria,Carex,vesicaria,
Carex vestita,Carex,vestita,
Carex virescens,Carex,virescens,
Carex vulpinoidea,Carex,vulpinoidea,
Carex wiegandii,Carex,wiegandii,
Carex willdenowii,Carex,willdenowii,
Carex woodii,Carex,woodii,
Carlina vulgaris,Carlina,vulgaris,ssp. ?
Carlina vulgaris ssp. vulgaris,Carlina,vulgaris,ssp. vulgaris
Carpinus betulus,Carpinus,betulus,
Carpinus caroliniana,Carpinus,caroliniana,ssp. ?
Carpinus caroliniana ssp. virginiana,Carpinus,caroliniana,ssp. virginiana
Carthamus tinctorius,Carthamus,tinctorius,
Carum carvi,Carum,carvi,
Carya cordiformis,Carya,cordiformis,
Carya cordiformis × C. ovata = C. ×laneyi,Carya,cordiformis × C. ovata = C. ×laneyi,
Carya glabra,Carya,glabra,
Carya laciniosa,Carya,laciniosa,
Carya laciniosa × C. ovata = C. ×dunbarii,Carya,laciniosa × C. ovata = C. ×dunbarii,
Carya ovata,Carya,ovata,var. ?
Carya ovata var. ovata,Carya,ovata,var. ovata
Carya tomentosa,Carya,tomentosa,
Castanea crenata,Castanea,crenata,
Castanea dentata,Castanea,dentata,
Castanea pumila,Castanea,pumila,
Castanea sativa,Castanea,sativa,
Castilleja coccinea,Castilleja,coccinea,
Catalpa bignonioides,Catalpa,bignonioides,
Catalpa ovata,Catalpa,ovata,
Catalpa speciosa,Catalpa,speciosa,
Catapodium rigidum,Catapodium,rigidum,ssp. ?
Catapodium rigidum ssp. rigidum,Catapodium,rigidum,ssp. rigidum
Caulophyllum giganteum,Caulophyllum,giganteum,
Caulophyllum thalictroides,Caulophyllum,thalictroides,
Ceanothus americanus,Ceanothus,americanus,
Ceanothus herbaceus,Ceanothus,herbaceus,
Celastrus orbiculatus,Celastrus,orbiculatus,
Celastrus scandens,Celastrus,scandens,
Celosia argentea,Celosia,argentea,
Celosia cristata,Celosia,cristata,
Celtis occidentalis,Celtis,occidentalis,
Celtis pumila,Celtis,pumila,
Cenchrus biflorus,Cenchrus,biflorus,
Cenchrus longispinus,Cenchrus,longispinus,
Cenchrus purpurascens,Cenchrus,purpurascens,
Cenchrus spinifex,Cenchrus,spinifex,
Cenchrus tribuloides,Cenchrus,tribuloides,
Centaurea aspera,Centaurea,aspera,
Centaurea benedicta,Centaurea,benedicta,
Centaurea calcitrapa,Centaurea,calcitrapa,
Centaurea cineraria,Centaurea,cineraria,
Centaurea cyanus,Centaurea,cyanus,
Centaurea diluta,Centaurea,diluta,
Centaurea jacea,Centaurea,jacea,
Centaurea jacea × C. nigra = C. ×moncktonii,Centaurea,jacea × C. nigra = C. ×moncktonii,
Centaurea montana,Centaurea,montana,
Centaurea nigra,Centaurea,nigra,
Centaurea nigrescens,Centaurea,nigrescens,
Centaurea phrygia,Centaurea,phrygia,
Centaurea scabiosa,Centaurea,scabiosa,
Centaurea solstitialis,Centaurea,solstitialis,
Centaurea stoebe,Centaurea,stoebe,ssp. ?
Centaurea stoebe ssp. micranthos,Centaurea,stoebe,ssp. micranthos
Centaurium erythraea,Centaurium,erythraea,
Centaurium pulchellum,Centaurium,pulchellum,
Centromadia pungens,Centromadia,pungens,ssp. ?
Centromadia pungens ssp. pungens,Centromadia,pungens,ssp. pungens
Cephalanthus occidentalis,Cephalanthus,occidentalis,
Cephalaria gigantea,Cephalaria,gigantea,
Cephalotaxus harringtonia,Cephalotaxus,harringtonia,
Cerastium arvense,Cerastium,arvense,
Cerastium fontanum,Cerastium,fontanum,ssp. ?
Cerastium fontanum ssp. vulgare,Cerastium,fontanum,ssp. vulgare
Cerastium glomeratum,Cerastium,glomeratum,
Cerastium nutans,Cerastium,nutans,var. ?
Cerastium nutans var. nutans,Cerastium,nutans,var. nutans
Cerastium pumilum,Cerastium,pumilum,
Cerastium semidecandrum,Cerastium,semidecandrum,
Cerastium strictum,Cerastium,strictum,
Cerastium tomentosum,Cerastium,tomentosum,
Cerastium velutinum,Cerastium,velutinum,var. ?
Cerastium velutinum var. velutinum,Cerastium,velutinum,var. velutinum
Ceratocephala testiculata,Ceratocephala,testiculata,
Ceratophyllum demersum,Ceratophyllum,demersum,
Ceratophyllum echinatum,Ceratophyllum,echinatum,
Cercidiphyllum japonicum,Cercidiphyllum,japonicum,
Cercis canadensis,Cercis,canadensis,var. ?
Cercis canadensis var. canadensis,Cercis,canadensis,var. canadensis
Chaenactis stevioides,Chaenactis,stevioides,
Chaenomeles japonica,Chaenomeles,japonica,
Chaenomeles speciosa,Chaenomeles,speciosa,
Chaenorhinum minus,Chaenorhinum,minus,ssp. ?
Chaenorhinum minus ssp. minus,Chaenorhinum,minus,ssp. minus
Chaerophyllum procumbens,Chaerophyllum,procumbens,var. ?
Chaerophyllum procumbens var. procumbens,Chaerophyllum,procumbens,var. procumbens
Chaiturus marrubiastrum,Chaiturus,marrubiastrum,
Chamaecrista fasciculata,Chamaecrista,fasciculata,var. ?
Chamaecrista fasciculata var. fasciculata,Chamaecrista,fasciculata,var. fasciculata
Chamaecrista nictitans,Chamaecrista,nictitans,var. ?
Chamaecrista nictitans var. nictitans,Chamaecrista,nictitans,var. nictitans
Chamaecyparis pisifera,Chamaecyparis,pisifera,
Chamaecyparis thyoides,Chamaecyparis,thyoides,
Chamaedaphne calyculata,Chamaedaphne,calyculata,
Chamaelirium luteum,Chamaelirium,luteum,
Chamaenerion angustifolium,Chamaenerion,angustifolium,ssp. ?
Chamaenerion angustifolium ssp. circumvagum,Chamaenerion,angustifolium,ssp. circumvagum
Chasmanthium latifolium,Chasmanthium,latifolium,
Chasmanthium laxum,Chasmanthium,laxum,
Chelidonium majus,Chelidonium,majus,
Chelone glabra,Chelone,glabra,
Chenopodiastrum murale,Chenopodiastrum,murale,
Chenopodiastrum simplex,Chenopodiastrum,simplex,
Chenopodium album,Chenopodium,album,
Chenopodium berlandieri,Chenopodium,berlandieri,
Chenopodium berlandieri,Chenopodium,berlandieri,var. ?
Chenopodium berlandieri var. bushianum,Chenopodium,berlandieri,var. bushianum
Chenopodium berlandieri var. macrocalycium,Chenopodium,berlandieri,var. macrocalycium
Chenopodium betaceum,Chenopodium,betaceum,
Chenopodium ficifolium,Chenopodium,ficifolium,ssp. ?
Chenopodium ficifolium ssp. ficifolium,Chenopodium,ficifolium,ssp. ficifolium
Chenopodium foggii,Chenopodium,foggii,
Chenopodium pratericola,Chenopodium,pratericola,
Chenopodium standleyanum,Chenopodium,standleyanum,
Chenopodium vulvaria,Chenopodium,vulvaria,
Chimaphila maculata,Chimaphila,maculata,
Chimaphila umbellata,Chimaphila,umbellata,
Chionanthus virginicus,Chionanthus,virginicus,
Chloris verticillata,Chloris,verticillata,
Chloris virgata,Chloris,virgata,
Chondrilla juncea,Chondrilla,juncea,
Chorispora tenella,Chorispora,tenella,
Chrysogonum virginianum,Chrysogonum,virginianum,
Chrysopsis mariana,Chrysopsis,mariana,
Chrysosplenium americanum,Chrysosplenium,americanum,
Cicer arietinum,Cicer,arietinum,
Cichorium intybus,Cichorium,intybus,
Cicuta bulbifera,Cicuta,bulbifera,
Cicuta maculata,Cicuta,maculata,var. ?
Cicuta maculata var. maculata,Cicuta,maculata,var. maculata
Cinna arundinacea,Cinna,arundinacea,
Cinna latifolia,Cinna,latifolia,
Circaea alpina,Circaea,alpina,ssp. ?
Circaea alpina ssp. alpina,Circaea,alpina,ssp. alpina
Circaea alpina ssp. alpina × C. canadensis = C. ×sterilis,Circaea,alpina ssp. alpina × C. canadensis = C. ×sterilis,ssp. ?
Circaea alpina ssp. alpina × C. canadensis = C. ×sterilis,Circaea,alpina ssp. alpina × C. canadensis = C. ×sterilis,ssp. alpina × C. canadensis = C. ×sterilis
Circaea canadensis,Circaea,canadensis,
Cirsium altissimum,Cirsium,altissimum,
Cirsium arvense,Cirsium,arvense,
Cirsium discolor,Cirsium,discolor,
Cirsium flodmanii,Cirsium,flodmanii,
Cirsium horridulum,Cirsium,horridulum,var. ?
Cirsium horridulum var. horridulum,Cirsium,horridulum,var. horridulum
Cirsium muticum,Cirsium,muticum,
Cirsium palustre,Cirsium,palustre,
Cirsium pumilum,Cirsium,pumilum,ssp. ?
Cirsium pumilum ssp. pumilum,Cirsium,pumilum,ssp. pumilum
Cirsium vulgare,Cirsium,vulgare,
Citrullus lanatus,Citrullus,lanatus,ssp. ?
Citrullus lanatus ssp. lanatus,Citrullus,lanatus,ssp. lanatus
Cladanthus mixtus,Cladanthus,mixtus,
Cladium mariscoides,Cladium,mariscoides,
Cladrastis kentukea,Cladrastis,kentukea,
Clarkia pulchella,Clarkia,pulchella,
Clarkia purpurea,Clarkia,purpurea,
Claytonia caroliniana,Claytonia,caroliniana,
Claytonia caroliniana × C. virginica,Claytonia,caroliniana × C. virginica,
Claytonia virginica,Claytonia,virginica,
Clematis occidentalis,Clematis,occidentalis,var. ?
Clematis occidentalis var. occidentalis,Clematis,occidentalis,var. occidentalis
Clematis ochroleuca,Clematis,ochroleuca,
Clematis terniflora,Clematis,terniflora,
Clematis virginiana,Clematis,virginiana,
Clematis viticella,Clematis,viticella,
Clerodendrum trichotomum,Clerodendrum,trichotomum,
Clethra alnifolia,Clethra,alnifolia,
Clinopodium acinos,Clinopodium,acinos,
Clinopodium arkansanum,Clinopodium,arkansanum,
Clinopodium nepeta,Clinopodium,nepeta,
Clinopodium vulgare,Clinopodium,vulgare,
Clintonia borealis,Clintonia,borealis,
Clintonia umbellulata,Clintonia,umbellulata,
Clitoria mariana,Clitoria,mariana,var. ?
Clitoria mariana var. mariana,Clitoria,mariana,var. mariana
Coincya monensis,Coincya,monensis,ssp. ?
Coincya monensis ssp. recurvata,Coincya,monensis,ssp. recurvata
Coix lacryma-jobi,Coix,lacryma-jobi,
Coleataenia anceps,Coleataenia,anceps,ssp. ?
Coleataenia anceps ssp. anceps,Coleataenia,anceps,ssp. anceps
Coleataenia longifolia,Coleataenia,longifolia,ssp. ?
Coleataenia longifolia ssp. longifolia,Coleataenia,longifolia,ssp. longifolia
Coleataenia pulchra,Coleataenia,pulchra,
Coleataenia rigidula,Coleataenia,rigidula,ssp. ?
Coleataenia rigidula ssp. rigidula,Coleataenia,rigidula,ssp. rigidula
Collinsia parviflora,Collinsia,parviflora,
Collinsia verna,Collinsia,verna,
Collinsonia canadensis,Collinsonia,canadensis,
Collomia linearis,Collomia,linearis,
Colutea arborescens,Colutea,arborescens,
Comandra umbellata,Comandra,umbellata,ssp. ?
Comandra umbellata ssp. umbellata,Comandra,umbellata,ssp. umbellata
Comarum palustre,Comarum,palustre,
Commelina communis,Commelina,communis,
Commelina erecta,Commelina,erecta,
Comptonia peregrina,Comptonia,peregrina,
Conioselinum chinense,Conioselinum,chinense,
Conium maculatum,Conium,maculatum,
Conoclinium coelestinum,Conoclinium,coelestinum,
Conopholis americana,Conopholis,americana,
Conringia orientalis,Conringia,orientalis,
Convallaria majalis,Convallaria,majalis,ssp. ?
Convallaria majalis ssp. majalis,Convallaria,majalis,ssp. majalis
Convolvulus arvensis,Convolvulus,arvensis,
Coptis trifolia,Coptis,trifolia,
Corallorhiza maculata,Corallorhiza,maculata,
Corallorhiza maculata,Corallorhiza,maculata,var. ?
Corallorhiza maculata var. maculata,Corallorhiza,maculata,var. maculata
Corallorhiza maculata var. occidentalis,Corallorhiza,maculata,var. occidentalis
Corallorhiza odontorhiza,Corallorhiza,odontorhiza,
Corallorhiza odontorhiza,Corallorhiza,odontorhiza,var. ?
Corallorhiza odontorhiza var. odontorhiza,Corallorhiza,odontorhiza,var. odontorhiza
Corallorhiza odontorhiza var. pringlei,Corallorhiza,odontorhiza,var. pringlei
Corallorhiza striata,Corallorhiza,striata,var. ?
Corallorhiza striata var. striata,Corallorhiza,striata,var. striata
Corallorhiza trifida,Corallorhiza,trifida,
Corema conradii,Corema,conradii,
Coreopsis grandiflora,Coreopsis,grandiflora,
Coreopsis lanceolata,Coreopsis,lanceolata,
Coreopsis major,Coreopsis,major,
Coreopsis rosea,Coreopsis,rosea,
Coreopsis tinctoria,Coreopsis,tinctoria,
Coreopsis tripteris,Coreopsis,tripteris,
Coriandrum sativum,Coriandrum,sativum,
Corispermum hookeri,Corispermum,hookeri,var. ?
Corispermum hookeri var. hookeri,Corispermum,hookeri,var. hookeri
Corispermum pallasii,Corispermum,pallasii,
Cornus alternifolia,Cornus,alternifolia,
Cornus amomum,Cornus,amomum,
Cornus amomum,Cornus,amomum,ssp. ?
Cornus amomum ssp. amomum,Cornus,amomum,ssp. amomum
Cornus amomum ssp. obliqua,Cornus,amomum,ssp. obliqua
Cornus amomum × C. racemosa,Cornus,amomum × C. racemosa,
Cornus canadensis,Cornus,canadensis,
Cornus drummondii,Cornus,drummondii,
Cornus florida,Cornus,florida,
Cornus kousa,Cornus,kousa,
Cornus mas,Cornus,mas,
Cornus racemosa,Cornus,racemosa,
Cornus rugosa,Cornus,rugosa,
Cornus rugosa × C. sericea = C. ×slavinii,Cornus,rugosa × C. sericea = C. ×slavinii,
Cornus sericea,Cornus,sericea,
Corydalis aurea,Corydalis,aurea,ssp. ?
Corydalis aurea ssp. aurea,Corydalis,aurea,ssp. aurea
Corydalis flavula,Corydalis,flavula,
Corydalis incisa,Corydalis,incisa,
Corydalis solida,Corydalis,solida,
Corylus americana,Corylus,americana,
Corylus cornuta,Corylus,cornuta,ssp. ?
Corylus cornuta ssp. cornuta,Corylus,cornuta,ssp. cornuta
Corynephorus canescens,Corynephorus,canescens,
Coryphopteris simulata,Coryphopteris,simulata,
Cosmos bipinnatus,Cosmos,bipinnatus,
Cosmos sulphureus,Cosmos,sulphureus,
Cota tinctoria,Cota,tinctoria,
Cotinus coggygria,Cotinus,coggygria,
Cotoneaster atropurpureus,Cotoneaster,atropurpureus,
Cotoneaster cochleatus,Cotoneaster,cochleatus,
Cotoneaster divaricatus,Cotoneaster,divaricatus,
Crassula aquatica,Crassula,aquatica,
Crataegus biltmoreana,Crataegus,biltmoreana,
Crataegus brainerdii,Crataegus,brainerdii,
Crataegus calpodendron,Crataegus,calpodendron,
Crataegus chrysocarpa,Crataegus,chrysocarpa,var. ?
Crataegus chrysocarpa var. chrysocarpa,Crataegus,chrysocarpa,var. chrysocarpa
Crataegus coccinea,Crataegus,coccinea,
Crataegus coccinea,Crataegus,coccinea,var. ?
Crataegus coccinea var. coccinea,Crataegus,coccinea,var. coccinea
Crataegus coccinea var. pringlei,Crataegus,coccinea,var. pringlei
Crataegus coccinioides,Crataegus,coccinioides,
Crataegus cognata,Crataegus,cognata,
Crataegus crus-galli,Crataegus,crus-galli,var. ?
Crataegus crus-galli var. crus-galli,Crataegus,crus-galli,var. crus-galli
Crataegus dissona,Crataegus,dissona,
Crataegus dodgei,Crataegus,dodgei,
Crataegus flabellata,Crataegus,flabellata,
Crataegus flabellata,Crataegus,flabellata,var. ?
Crataegus flabellata var. flabellata,Crataegus,flabellata,var. flabellata
Crataegus flabellata var. grayana,Crataegus,flabellata,var. grayana
Crataegus flavida,Crataegus,flavida,
Crataegus florifera,Crataegus,florifera,
Crataegus fluviatilis,Crataegus,fluviatilis,
Crataegus forbesiae,Crataegus,forbesiae,
Crataegus fulleriana,Crataegus,fulleriana,
Crataegus holmesiana,Crataegus,holmesiana,
Crataegus intricata,Crataegus,intricata,
Crataegus irrasa,Crataegus,irrasa,
Crataegus jesupii,Crataegus,jesupii,
Crataegus laurentiana,Crataegus,laurentiana,
Crataegus levis,Crataegus,levis,
Crataegus lucorum,Crataegus,lucorum,
Crataegus lumaria,Crataegus,lumaria,
Crataegus macracantha,Crataegus,macracantha,
Crataegus macrosperma,Crataegus,macrosperma,
Crataegus magniflora,Crataegus,magniflora,
Crataegus monogyna,Crataegus,monogyna,var. ?
Crataegus monogyna var. monogyna,Crataegus,monogyna,var. monogyna
Crataegus monogyna × C. punctata = C. ×ninae-celottiae,Crataegus,monogyna × C. punctata = C. ×ninae-celottiae,
Crataegus pennsylvanica,Crataegus,pennsylvanica,
Crataegus persimilis,Crataegus,persimilis,
Crataegus phaenopyrum,Crataegus,phaenopyrum,
Crataegus populnea,Crataegus,populnea,
Crataegus praecox,Crataegus,praecox,
Crataegus pruinosa,Crataegus,pruinosa,
Crataegus punctata,Crataegus,punctata,
Crataegus scabrida,Crataegus,scabrida,
Crataegus schuettei,Crataegus,schuettei,var. ?
Crataegus schuettei var. schuettei,Crataegus,schuettei,var. schuettei
Crataegus straminea,Crataegus,straminea,
Crataegus submollis,Crataegus,submollis,
Crataegus suborbiculata,Crataegus,suborbiculata,
Crataegus succulenta,Crataegus,succulenta,var. ?
Crataegus succulenta var. succulenta,Crataegus,succulenta,var. succulenta
Crataegus uniflora,Crataegus,uniflora,
Crepidomanes intricatum,Crepidomanes,intricatum,
Crepis biennis,Crepis,biennis,
Crepis capillaris,Crepis,capillaris,
Crepis foetida,Crepis,foetida,
Crepis setosa,Crepis,setosa,
Crepis tectorum,Crepis,tectorum,
Crepis vesicaria,Crepis,vesicaria,ssp. ?
Crepis vesicaria ssp. taraxacifolia,Crepis,vesicaria,ssp. taraxacifolia
Crocanthemum bicknellii,Crocanthemum,bicknellii,
Crocanthemum canadense,Crocanthemum,canadense,
Crocanthemum dumosum,Crocanthemum,dumosum,
Crocanthemum propinquum,Crocanthemum,propinquum,
Crocus tommasinianus,Crocus,tommasinianus,
Crotalaria sagittalis,Crotalaria,sagittalis,
Croton capitatus,Croton,capitatus,
Croton glandulosus,Croton,glandulosus,var. ?
Croton glandulosus var. septentrionalis,Croton,glandulosus,var. septentrionalis
Cryptantha clevelandii,Cryptantha,clevelandii,var. ?
Cryptantha clevelandii var. florosa,Cryptantha,clevelandii,var. florosa
Cryptogramma stelleri,Cryptogramma,stelleri,
Cryptotaenia canadensis,Cryptotaenia,canadensis,
Cubelium concolor,Cubelium,concolor,
Cucumis anguria,Cucumis,anguria,var. ?
Cucumis anguria var. anguria,Cucumis,anguria,var. anguria
Cucumis melo,Cucumis,melo,ssp. ?
Cucumis melo ssp. melo,Cucumis,melo,ssp. melo
Cucumis sativus,Cucumis,sativus,var. ?
Cucumis sativus var. sativus,Cucumis,sativus,var. sativus
Cucurbita pepo,Cucurbita,pepo,ssp. ?
Cucurbita pepo ssp. pepo,Cucurbita,pepo,ssp. pepo
Cullen americana,Cullen,americana,
Cunila origanoides,Cunila,origanoides,
Cuphea viscosissima,Cuphea,viscosissima,
Cuscuta australis,Cuscuta,australis,
Cuscuta campestris,Cuscuta,campestris,
Cuscuta cephalanthi,Cuscuta,cephalanthi,
Cuscuta compacta,Cuscuta,compacta,
Cuscuta coryli,Cuscuta,coryli,
Cuscuta epilinum,Cuscuta,epilinum,
Cuscuta epithymum,Cuscuta,epithymum,
Cuscuta gronovii,Cuscuta,gronovii,
Cuscuta gronovii,Cuscuta,gronovii,var. ?
Cuscuta gronovii var. gronovii,Cuscuta,gronovii,var. gronovii
Cuscuta gronovii var. latiflora,Cuscuta,gronovii,var. latiflora
Cuscuta obtusiflora,Cuscuta,obtusiflora,var. ?
Cuscuta obtusiflora var. glandulosa,Cuscuta,obtusiflora,var. glandulosa
Cuscuta pentagona,Cuscuta,pentagona,
Cuscuta polygonorum,Cuscuta,polygonorum,
Cyclachaena xanthiifolia,Cyclachaena,xanthiifolia,
Cyclospermum leptophyllum,Cyclospermum,leptophyllum,
Cydonia oblonga,Cydonia,oblonga,
Cymbalaria muralis,Cymbalaria,muralis,ssp. ?
Cymbalaria muralis ssp. muralis,Cymbalaria,muralis,ssp. muralis
Cymbalaria pallida,Cymbalaria,pallida,
Cynanchum laeve,Cynanchum,laeve,
Cynodon dactylon,Cynodon,dactylon,var. ?
Cynodon dactylon var. dactylon,Cynodon,dactylon,var. dactylon
Cynoglossum amabile,Cynoglossum,amabile,
Cynoglossum officinale,Cynoglossum,officinale,
Cynosurus cristatus,Cynosurus,cristatus,
Cynosurus echinatus,Cynosurus,echinatus,
Cyperus acuminatus,Cyperus,acuminatus,
Cyperus bipartitus,Cyperus,bipartitus,
Cyperus brevifolioides,Cyperus,brevifolioides,
Cyperus compressus,Cyperus,compressus,
Cyperus dentatus,Cyperus,dentatus,
Cyperus diandrus,Cyperus,diandrus,
Cyperus difformis,Cyperus,difformis,
Cyperus echinatus,Cyperus,echinatus,
Cyperus engelmannii,Cyperus,engelmannii,
Cyperus erythrorhizos,Cyperus,erythrorhizos,
Cyperus esculentus,Cyperus,esculentus,
Cyperus esculentus,Cyperus,esculentus,var. ?
Cyperus esculentus var. leptostachyus,Cyperus,esculentus,var. leptostachyus
Cyperus esculentus var. macrostachyus,Cyperus,esculentus,var. macrostachyus
Cyperus filicinus,Cyperus,filicinus,
Cyperus flavescens,Cyperus,flavescens,
Cyperus flavicomus,Cyperus,flavicomus,
Cyperus fuscus,Cyperus,fuscus,
Cyperus grayi,Cyperus,grayi,
Cyperus grayi × C. lupulinus,Cyperus,grayi × C. lupulinus,
Cyperus hortensis,Cyperus,hortensis,
Cyperus houghtonii,Cyperus,houghtonii,
Cyperus involucratus,Cyperus,involucratus,
Cyperus iria,Cyperus,iria,
Cyperus lupulinus,Cyperus,lupulinus,
Cyperus lupulinus,Cyperus,lupulinus,ssp. ?
Cyperus lupulinus ssp. lupulinus,Cyperus,lupulinus,ssp. lupulinus
Cyperus lupulinus ssp. macilentus,Cyperus,lupulinus,ssp. macilentus
Cyperus lupulinus × C. schweinitzii = C. ×mesochorus,Cyperus,lupulinus × C. schweinitzii = C. ×mesochorus,
Cyperus microiria,Cyperus,microiria,
Cyperus nipponicus,Cyperus,nipponicus,
Cyperus odoratus,Cyperus,odoratus,
Cyperus polystachyos,Cyperus,polystachyos,
Cyperus pseudovegetus,Cyperus,pseudovegetus,
Cyperus retrorsus,Cyperus,retrorsus,
Cyperus rotundus,Cyperus,rotundus,
Cyperus schweinitzii,Cyperus,schweinitzii,
Cyperus squarrosus,Cyperus,squarrosus,
Cyperus strigosus,Cyperus,strigosus,
Cyperus subsquarrosus,Cyperus,subsquarrosus,
Cypripedium acaule,Cypripedium,acaule,
Cypripedium arietinum,Cypripedium,arietinum,
Cypripedium candidum,Cypripedium,candidum,
Cypripedium parviflorum,Cypripedium,parviflorum,
Cypripedium parviflorum,Cypripedium,parviflorum,var. ?
Cypripedium parviflorum var. makasin,Cypripedium,parviflorum,var. makasin
Cypripedium parviflorum var. parviflorum,Cypripedium,parviflorum,var. parviflorum
Cypripedium parviflorum var. pubescens,Cypripedium,parviflorum,var. pubescens
Cypripedium reginae,Cypripedium,reginae,
Cystopteris bulbifera,Cystopteris,bulbifera,
Cystopteris fragilis,Cystopteris,fragilis,
Cystopteris protrusa,Cystopteris,protrusa,
Cystopteris tenuis,Cystopteris,tenuis,
Cytisus scoparius,Cytisus,scoparius,
Cytisus villosus,Cytisus,villosus,
Dactylis glomerata,Dactylis,glomerata,
Dactyloctenium aegyptium,Dactyloctenium,aegyptium,
Dactylorhiza viridis,Dactylorhiza,viridis,
Dalea leporina,Dalea,leporina,
Dalea purpurea,Dalea,purpurea,var. ?
Dalea purpurea var. purpurea,Dalea,purpurea,var. purpurea
Danthonia compressa,Danthonia,compressa,
Danthonia spicata,Danthonia,spicata,
Daphne mezereum,Daphne,mezereum,
Dasiphora fruticosa,Dasiphora,fruticosa,
Datura innoxia,Datura,innoxia,
Datura metel,Datura,metel,
Datura stramonium,Datura,stramonium,
Daucus carota,Daucus,carota,
Decodon verticillatus,Decodon,verticillatus,
Delphinium ajacis,Delphinium,ajacis,
Delphinium consolida,Delphinium,consolida,
Dendrolycopodium dendroideum,Dendrolycopodium,dendroideum,
Dendrolycopodium hickeyi,Dendrolycopodium,hickeyi,
Dendrolycopodium obscurum,Dendrolycopodium,obscurum,
Dennstaedtia punctilobula,Dennstaedtia,punctilobula,
Deparia acrostichoides,Deparia,acrostichoides,
Deschampsia cespitosa,Deschampsia,cespitosa,ssp. ?
Deschampsia cespitosa ssp. cespitosa,Deschampsia,cespitosa,ssp. cespitosa
Deschampsia danthonioides,Deschampsia,danthonioides,
Descurainia pinnata,Descurainia,pinnata,ssp. ?
Descurainia pinnata ssp. brachycarpa,Descurainia,pinnata,ssp. brachycarpa
Descurainia sophia,Descurainia,sophia,
Desmodium canadense,Desmodium,canadense,
Desmodium canescens,Desmodium,canescens,
Desmodium ciliare,Desmodium,ciliare,
Desmodium cuspidatum,Desmodium,cuspidatum,
Desmodium laevigatum,Desmodium,laevigatum,
Desmodium marilandicum,Desmodium,marilandicum,
Desmodium nuttallii,Desmodium,nuttallii,
Desmodium obtusum,Desmodium,obtusum,
Desmodium paniculatum,Desmodium,paniculatum,
Desmodium paniculatum × D. rotundifolium = D. ×humifusum,Desmodium,paniculatum × D. rotundifolium = D. ×humifusum,
Desmodium perplexum,Desmodium,perplexum,
Desmodium rotundifolium,Desmodium,rotundifolium,
Deutzia scabra,Deutzia,scabra,
Dianthus armeria,Dianthus,armeria,ssp. ?
Dianthus armeria ssp. armeria,Dianthus,armeria,ssp. armeria
Dianthus barbatus,Dianthus,barbatus,ssp. ?
Dianthus barbatus ssp. barbatus,Dianthus,barbatus,ssp. barbatus
Dianthus carthusianorum,Dianthus,carthusianorum,
Dianthus deltoides,Dianthus,deltoides,ssp. ?
Dianthus deltoides ssp. deltoides,Dianthus,deltoides,ssp. deltoides
Dianthus plumarius,Dianthus,plumarius,ssp. ?
Dianthus plumarius ssp. plumarius,Dianthus,plumarius,ssp. plumarius
Diapensia lapponica,Diapensia,lapponica,
Diarrhena obovata,Diarrhena,obovata,
Dicentra canadensis,Dicentra,canadensis,
Dicentra cucullaria,Dicentra,cucullaria,
Dicentra eximia,Dicentra,eximia,
Dichanthelium annulum,Dichanthelium,annulum,
Dichanthelium bicknellii,Dichanthelium,bicknellii,
Dichanthelium boreale,Dichanthelium,boreale,
Dichanthelium boscii,Dichanthelium,boscii,
Dichanthelium clandestinum,Dichanthelium,clandestinum,
Dichanthelium columbianum,Dichanthelium,columbianum,
Dichanthelium commonsianum,Dichanthelium,commonsianum,
Dichanthelium commutatum,Dichanthelium,commutatum,
Dichanthelium commutatum,Dichanthelium,commutatum,ssp. ?
Dichanthelium commutatum ssp. ashei,Dichanthelium,commutatum,ssp. ashei
Dichanthelium commutatum ssp. commutatum,Dichanthelium,commutatum,ssp. commutatum
Dichanthelium depauperatum,Dichanthelium,depauperatum,
Dichanthelium dichotomum,Dichanthelium,dichotomum,ssp. ?
Dichanthelium dichotomum ssp. dichotomum,Dichanthelium,dichotomum,ssp. dichotomum
Dichanthelium implicatum,Dichanthelium,implicatum,
Dichanthelium lanuginosum,Dichanthelium,lanuginosum,
Dichanthelium latifolium,Dichanthelium,latifolium,
Dichanthelium leibergii,Dichanthelium,leibergii,
Dichanthelium lindheimeri,Dichanthelium,lindheimeri,
Dichanthelium linearifolium,Dichanthelium,linearifolium,
Dichanthelium lucidum,Dichanthelium,lucidum,
Dichanthelium mattamuskeetense,Dichanthelium,mattamuskeetense,
Dichanthelium meridionale,Dichanthelium,meridionale,
Dichanthelium microcarpon,Dichanthelium,microcarpon,
Dichanthelium oligosanthes,Dichanthelium,oligosanthes,ssp. ?
Dichanthelium oligosanthes ssp. scribnerianum,Dichanthelium,oligosanthes,ssp. scribnerianum
Dichanthelium polyanthes,Dichanthelium,polyanthes,
Dichanthelium scoparium,Dichanthelium,scoparium,
Dichanthelium sphaerocarpon,Dichanthelium,sphaerocarpon,
Dichanthelium spretum,Dichanthelium,spretum,
Dichanthelium villosissimum,Dichanthelium,villosissimum,
Dichanthelium wrightianum,Dichanthelium,wrightianum,
Dichanthelium xanthophysum,Dichanthelium,xanthophysum,
Dictamnus albus,Dictamnus,albus,
Diervilla lonicera,Diervilla,lonicera,
Dieteria canescens,Dieteria,canescens,var. ?
Dieteria canescens var. canescens,Dieteria,canescens,var. canescens
Digitalis grandiflora,Digitalis,grandiflora,
Digitalis lanata,Digitalis,lanata,
Digitalis lutea,Digitalis,lutea,
Digitalis purpurea,Digitalis,purpurea,
Digitaria ciliaris,Digitaria,ciliaris,
Digitaria cognata,Digitaria,cognata,
Digitaria filiformis,Digitaria,filiformis,var. ?
Digitaria filiformis var. filiformis,Digitaria,filiformis,var. filiformis
Digitaria ischaemum,Digitaria,ischaemum,
Digitaria sanguinalis,Digitaria,sanguinalis,
Diodia virginiana,Diodia,virginiana,
Dioscorea polystachya,Dioscorea,polystachya,
Dioscorea villosa,Dioscorea,villosa,
Diospyros virginiana,Diospyros,virginiana,
Diphasiastrum complanatum,Diphasiastrum,complanatum,
Diphasiastrum complanatum × D. digitatum = D. ×verecundum,Diphasiastrum,complanatum × D. digitatum = D. ×verecundum,
Diphasiastrum complanatum × D. tristachyum = D. ×zeilleri,Diphasiastrum,complanatum × D. tristachyum = D. ×zeilleri,
Diphasiastrum digitatum,Diphasiastrum,digitatum,
Diphasiastrum digitatum × D. tristachyum = D. ×habereri,Diphasiastrum,digitatum × D. tristachyum = D. ×habereri,
Diphasiastrum sitchense,Diphasiastrum,sitchense,
Diphasiastrum sitchense × D. tristachyum = D. ×sabinifolium,Diphasiastrum,sitchense × D. tristachyum = D. ×sabinifolium,
Diphasiastrum tristachyum,Diphasiastrum,tristachyum,
Diplachne fusca,Diplachne,fusca,ssp. ?
Diplachne fusca ssp. fascicularis,Diplachne,fusca,ssp. fascicularis
Diplotaxis erucoides,Diplotaxis,erucoides,
Diplotaxis muralis,Diplotaxis,muralis,
Diplotaxis tenuifolia,Diplotaxis,tenuifolia,
Dipsacus fullonum,Dipsacus,fullonum,
Dipsacus laciniatus,Dipsacus,laciniatus,
Dipsacus sativus,Dipsacus,sativus,
Dirca palustris,Dirca,palustris,
Disakisperma dubium,Disakisperma,dubium,
Distichlis spicata,Distichlis,spicata,
Dittrichia graveolens,Dittrichia,graveolens,
Doellingeria infirma,Doellingeria,infirma,
Doellingeria umbellata,Doellingeria,umbellata,var. ?
Doellingeria umbellata var. umbellata,Doellingeria,umbellata,var. umbellata
Draba arabisans,Draba,arabisans,
Draba glabella,Draba,glabella,
Draba verna,Draba,verna,
Dracocephalum parviflorum,Dracocephalum,parviflorum,
Dracocephalum thymiflorum,Dracocephalum,thymiflorum,
Drosera filiformis,Drosera,filiformis,
Drosera intermedia,Drosera,intermedia,
Drosera intermedia × D. rotundifolia = D. ×eloisiana,Drosera,intermedia × D. rotundifolia = D. ×eloisiana,
Drosera rotundifolia,Drosera,rotundifolia,
Drymocallis arguta,Drymocallis,arguta,
Dryopteris campyloptera,Dryopteris,campyloptera,
Dryopteris carthusiana,Dryopteris,carthusiana,
Dryopteris carthusiana × D. clintoniana = D. ×benedictii,Dryopteris,carthusiana × D. clintoniana = D. ×benedictii,
Dryopteris carthusiana × D. cristata = D. ×uliginosa,Dryopteris,carthusiana × D. cristata = D. ×uliginosa,
Dryopteris carthusiana × D. intermedia = D. ×triploidea,Dryopteris,carthusiana × D. intermedia = D. ×triploidea,
Dryopteris carthusiana × D. marginalis = D. ×pittsfordensis,Dryopteris,carthusiana × D. marginalis = D. ×pittsfordensis,
Dryopteris celsa,Dryopteris,celsa,
Dryopteris celsa × D. clintoniana,Dryopteris,celsa × D. clintoniana,
Dryopteris celsa × D. cristata,Dryopteris,celsa × D. cristata,
Dryopteris celsa × D. goldieana,Dryopteris,celsa × D. goldieana,
Dryopteris celsa × D. intermedia = D. ×separabilis,Dryopteris,celsa × D. intermedia = D. ×separabilis,
Dryopteris celsa × D. marginalis = D. ×leedsii,Dryopteris,celsa × D. marginalis = D. ×leedsii,
Dryopteris clintoniana,Dryopteris,clintoniana,
Dryopteris clintoniana × D. cristata,Dryopteris,clintoniana × D. cristata,
Dryopteris clintoniana × D. goldieana = D. ×mickelii,Dryopteris,clintoniana × D. goldieana = D. ×mickelii,
Dryopteris clintoniana × D. intermedia = D. ×dowellii,Dryopteris,clintoniana × D. intermedia = D. ×dowellii,
Dryopteris clintoniana × D. marginalis = D. ×burgessii,Dryopteris,clintoniana × D. marginalis = D. ×burgessii,
Dryopteris cristata,Dryopteris,cristata,
Dryopteris cristata × D. intermedia = D. ×boottii,Dryopteris,cristata × D. intermedia = D. ×boottii,
Dryopteris cristata × D. marginalis = D. ×slossoniae,Dryopteris,cristata × D. marginalis = D. ×slossoniae,
Dryopteris filix-mas × D. marginalis = D. ×montgomeryi,Dryopteris,filix-mas × D. marginalis = D. ×montgomeryi,
Dryopteris fragrans,Dryopteris,fragrans,
Dryopteris goldieana,Dryopteris,goldieana,
Dryopteris goldieana × D. intermedia,Dryopteris,goldieana × D. intermedia,
Dryopteris goldieana × D. marginalis = D. ×neowherryi,Dryopteris,goldieana × D. marginalis = D. ×neowherryi,
Dryopteris intermedia,Dryopteris,intermedia,
Dryopteris intermedia × D. marginalis,Dryopteris,intermedia × D. marginalis,
Dryopteris marginalis,Dryopteris,marginalis,
Dulichium arundinaceum,Dulichium,arundinaceum,var. ?
Dulichium arundinaceum var. arundinaceum,Dulichium,arundinaceum,var. arundinaceum
Dysphania ambrosioides,Dysphania,ambrosioides,
Dysphania anthelmintica,Dysphania,anthelmintica,
Dysphania atriplicifolia,Dysphania,atriplicifolia,
Dysphania botrys,Dysphania,botrys,
Dysphania multifida,Dysphania,multifida,
Dysphania pumilio,Dysphania,pumilio,
Dyssodia papposa,Dyssodia,papposa,
Ecballium elaterium,Ecballium,elaterium,
Echinacea pallida,Echinacea,pallida,
Echinacea purpurea,Echinacea,purpurea,
Echinochloa crus-galli,Echinochloa,crus-galli,
Echinochloa esculenta,Echinochloa,esculenta,
Echinochloa muricata,Echinochloa,muricata,
Echinochloa muricata,Echinochloa,muricata,var. ?
Echinochloa muricata var. microstachya,Echinochloa,muricata,var. microstachya
Echinochloa muricata var. muricata,Echinochloa,muricata,var. muricata
Echinochloa walteri,Echinochloa,walteri,
Echinocystis lobata,Echinocystis,lobata,
Echinops sphaerocephalus,Echinops,sphaerocephalus,
Echium vulgare,Echium,vulgare,
Eclipta prostrata,Eclipta,prostrata,
Edrastima uniflora,Edrastima,uniflora,
Egeria densa,Egeria,densa,
Elaeagnus angustifolia,Elaeagnus,angustifolia,
Elaeagnus multiflora,Elaeagnus,multiflora,
Elaeagnus umbellata,Elaeagnus,umbellata,
Elatine americana,Elatine,americana,
Elatine minima,Elatine,minima,
Elatine triandra,Elatine,triandra,
Eleocharis acicularis,Eleocharis,acicularis,
Eleocharis aestuum,Eleocharis,aestuum,
Eleocharis ambigens,Eleocharis,ambigens,
Eleocharis compressa,Eleocharis,compressa,var. ?
Eleocharis compressa var. compressa,Eleocharis,compressa,var. compressa
Eleocharis diandra,Eleocharis,diandra,
Eleocharis elliptica,Eleocharis,elliptica,
Eleocharis engelmannii,Eleocharis,engelmannii,
Eleocharis equisetoides,Eleocharis,equisetoides,
Eleocharis erythropoda,Eleocharis,erythropoda,
Eleocharis flavescens,Eleocharis,flavescens,var. ?
Eleocharis flavescens var. olivacea,Eleocharis,flavescens,var. olivacea
Eleocharis intermedia,Eleocharis,intermedia,
Eleocharis melanocarpa,Eleocharis,melanocarpa,
Eleocharis microcarpa,Eleocharis,microcarpa,var. ?
Eleocharis microcarpa var. filiculmis,Eleocharis,microcarpa,var. filiculmis
Eleocharis obtusa,Eleocharis,obtusa,var. ?
Eleocharis obtusa var. obtusa,Eleocharis,obtusa,var. obtusa
Eleocharis ovata,Eleocharis,ovata,
Eleocharis palustris,Eleocharis,palustris,
Eleocharis parvula,Eleocharis,parvula,
Eleocharis quadrangulata,Eleocharis,quadrangulata,
Eleocharis quinqueflora,Eleocharis,quinqueflora,
Eleocharis robbinsii,Eleocharis,robbinsii,
Eleocharis rostellata,Eleocharis,rostellata,
Eleocharis tenuis,Eleocharis,tenuis,
Eleocharis tenuis,Eleocharis,tenuis,var. ?
Eleocharis tenuis var. pseudoptera,Eleocharis,tenuis,var. pseudoptera
Eleocharis tenuis var. tenuis,Eleocharis,tenuis,var. tenuis
Eleocharis tortilis,Eleocharis,tortilis,
Eleocharis tricostata,Eleocharis,tricostata,
Eleocharis tuberculosa,Eleocharis,tuberculosa,
Eleocharis uniglumis,Eleocharis,uniglumis,
Eleocharis wolfii,Eleocharis,wolfii,
Eleusine indica,Eleusine,indica,
Eleutherococcus sieboldianus,Eleutherococcus,sieboldianus,
Ellisia nyctelea,Ellisia,nyctelea,
Elodea canadensis,Elodea,canadensis,
Elodea nuttallii,Elodea,nuttallii,
Elodea schweinitzii,Elodea,schweinitzii,
Elsholtzia ciliata,Elsholtzia,ciliata,
Elymus canadensis,Elymus,canadensis,var. ?
Elymus canadensis var. canadensis,Elymus,canadensis,var. canadensis
Elymus curvatus,Elymus,curvatus,
Elymus glabriflorus,Elymus,glabriflorus,
Elymus glabriflorus,Elymus,glabriflorus,var. ?
Elymus glabriflorus var. australis,Elymus,glabriflorus,var. australis
Elymus glabriflorus var. glabriflorus,Elymus,glabriflorus,var. glabriflorus
Elymus hystrix,Elymus,hystrix,
Elymus hystrix,Elymus,hystrix,var. ?
Elymus hystrix var. bigelovianus,Elymus,hystrix,var. bigelovianus
Elymus hystrix var. hystrix,Elymus,hystrix,var. hystrix
Elymus hystrix × E. virginicus = E. ×ebingeri,Elymus,hystrix × E. virginicus = E. ×ebingeri,
Elymus macgregorii,Elymus,macgregorii,
Elymus repens,Elymus,repens,
Elymus riparius,Elymus,riparius,
Elymus trachycaulus,Elymus,trachycaulus,
Elymus trachycaulus,Elymus,trachycaulus,ssp. ?
Elymus trachycaulus ssp. glaucus,Elymus,trachycaulus,ssp. glaucus
Elymus trachycaulus ssp. trachycaulus,Elymus,trachycaulus,ssp. trachycaulus
Elymus villosus,Elymus,villosus,
Elymus villosus,Elymus,villosus,var. ?
Elymus villosus var. arkansanus,Elymus,villosus,var. arkansanus
Elymus villosus var. villosus,Elymus,villosus,var. villosus
Elymus virginicus,Elymus,virginicus,
Elymus virginicus,Elymus,virginicus,var. ?
Elymus virginicus var. halophilus,Elymus,virginicus,var. halophilus
Elymus virginicus var. intermedius,Elymus,virginicus,var. intermedius
Elymus virginicus var. jejunus,Elymus,virginicus,var. jejunus
Elymus virginicus var. virginicus,Elymus,virginicus,var. virginicus
Elymus wiegandii,Elymus,wiegandii,
Emilia sonchifolia,Emilia,sonchifolia,
Empetrum atropurpureum,Empetrum,atropurpureum,
Empetrum nigrum,Empetrum,nigrum,
Endodeca serpentaria,Endodeca,serpentaria,
Enemion biternatum,Enemion,biternatum,
Epifagus virginiana,Epifagus,virginiana,
Epigaea repens,Epigaea,repens,
Epilobium ciliatum,Epilobium,ciliatum,ssp. ?
Epilobium ciliatum ssp. ciliatum,Epilobium,ciliatum,ssp. ciliatum
Epilobium ciliatum ssp. ciliatum × E. coloratum = E. ×wisconsinense,Epilobium,ciliatum ssp. ciliatum × E. coloratum = E. ×wisconsinense,ssp. ?
Epilobium ciliatum ssp. ciliatum × E. coloratum = E. ×wisconsinense,Epilobium,ciliatum ssp. ciliatum × E. coloratum = E. ×wisconsinense,ssp. ciliatum × E. coloratum = E. ×wisconsinense
Epilobium coloratum,Epilobium,coloratum,
Epilobium hirsutum,Epilobium,hirsutum,
Epilobium hornemannii,Epilobium,hornemannii,ssp. ?
Epilobium hornemannii ssp. hornemannii,Epilobium,hornemannii,ssp. hornemannii
Epilobium leptophyllum,Epilobium,leptophyllum,
Epilobium palustre,Epilobium,palustre,
Epilobium parviflorum,Epilobium,parviflorum,
Epilobium strictum,Epilobium,strictum,
Epipactis helleborine,Epipactis,helleborine,
Epipactis palustris,Epipactis,palustris,
Equisetum arvense,Equisetum,arvense,
Equisetum arvense × E. fluviatile = E. ×litorale,Equisetum,arvense × E. fluviatile = E. ×litorale,
Equisetum fluviatile,Equisetum,fluviatile,
Equisetum hyemale,Equisetum,hyemale,ssp. ?
Equisetum hyemale ssp. affine,Equisetum,hyemale,ssp. affine
Equisetum hyemale × E. laevigatum = E. ×ferrissii,Equisetum,hyemale × E. laevigatum = E. ×ferrissii,
Equisetum hyemale × E. variegatum = E. ×trachyodon,Equisetum,hyemale × E. variegatum = E. ×trachyodon,
Equisetum laevigatum × E. variegatum = E. ×nelsonii,Equisetum,laevigatum × E. variegatum = E. ×nelsonii,
Equisetum palustre,Equisetum,palustre,
Equisetum pratense,Equisetum,pratense,
Equisetum scirpoides,Equisetum,scirpoides,
Equisetum sylvaticum,Equisetum,sylvaticum,
Equisetum variegatum,Equisetum,variegatum,ssp. ?
Equisetum variegatum ssp. variegatum,Equisetum,variegatum,ssp. variegatum
Eragrostis capillaris,Eragrostis,capillaris,
Eragrostis cilianensis,Eragrostis,cilianensis,
Eragrostis curvula,Eragrostis,curvula,
Eragrostis frankii,Eragrostis,frankii,
Eragrostis hypnoides,Eragrostis,hypnoides,
Eragrostis mexicana,Eragrostis,mexicana,ssp. ?
Eragrostis mexicana ssp. virescens,Eragrostis,mexicana,ssp. virescens
Eragrostis minor,Eragrostis,minor,
Eragrostis pectinacea,Eragrostis,pectinacea,
Eragrostis pectinacea,Eragrostis,pectinacea,var. ?
Eragrostis pectinacea var. miserrima,Eragrostis,pectinacea,var. miserrima
Eragrostis pectinacea var. pectinacea,Eragrostis,pectinacea,var. pectinacea
Eragrostis pilosa,Eragrostis,pilosa,var. ?
Eragrostis pilosa var. pilosa,Eragrostis,pilosa,var. pilosa
Eragrostis spectabilis,Eragrostis,spectabilis,
Eragrostis trichodes,Eragrostis,trichodes,
Eranthis hyemalis,Eranthis,hyemalis,
Erechtites hieraciifolius,Erechtites,hieraciifolius,
Erechtites hieraciifolius,Erechtites,hieraciifolius,var. ?
Erechtites hieraciifolius var. hieraciifolius,Erechtites,hieraciifolius,var. hieraciifolius
Erechtites hieraciifolius var. megalocarpus,Erechtites,hieraciifolius,var. megalocarpus
Eremopyrum bonaepartis,Eremopyrum,bonaepartis,
Eremopyrum orientale,Eremopyrum,orientale,
Eremopyrum triticeum,Eremopyrum,triticeum,
Ericameria nauseosa,Ericameria,nauseosa,var. ?
Ericameria nauseosa var. oreophila,Ericameria,nauseosa,var. oreophila
Erigenia bulbosa,Erigenia,bulbosa,
Erigeron annuus,Erigeron,annuus,
Erigeron bonariensis,Erigeron,bonariensis,
Erigeron canadensis,Erigeron,canadensis,
Erigeron canadensis,Erigeron,canadensis,var. ?
Erigeron canadensis var. canadensis,Erigeron,canadensis,var. canadensis
Erigeron canadensis var. pusillus,Erigeron,canadensis,var. pusillus
Erigeron hyssopifolius,Erigeron,hyssopifolius,
Erigeron philadelphicus,Erigeron,philadelphicus,
Erigeron philadelphicus,Erigeron,philadelphicus,var. ?
Erigeron philadelphicus var. philadelphicus,Erigeron,philadelphicus,var. philadelphicus
Erigeron philadelphicus var. provancheri,Erigeron,philadelphicus,var. provancheri
Erigeron pulchellus,Erigeron,pulchellus,var. ?
Erigeron pulchellus var. pulchellus,Erigeron,pulchellus,var. pulchellus
Erigeron strigosus,Erigeron,strigosus,
Eriocaulon aquaticum,Eriocaulon,aquaticum,
Eriocaulon parkeri,Eriocaulon,parkeri,
Eriochloa acuminata,Eriochloa,acuminata,var. ?
Eriochloa acuminata var. acuminata,Eriochloa,acuminata,var. acuminata
Eriochloa villosa,Eriochloa,villosa,
Eriophorum gracile,Eriophorum,gracile,
Eriophorum tenellum,Eriophorum,tenellum,
Eriophorum vaginatum,Eriophorum,vaginatum,
Eriophorum virginicum,Eriophorum,virginicum,
Eriophorum viridicarinatum,Eriophorum,viridicarinatum,
Erodium botrys,Erodium,botrys,
Erodium ciconium,Erodium,ciconium,
Erodium cicutarium,Erodium,cicutarium,ssp. ?
Erodium cicutarium ssp. cicutarium,Erodium,cicutarium,ssp. cicutarium
Erodium malacoides,Erodium,malacoides,
Erodium moschatum,Erodium,moschatum,
Eruca vesicaria,Eruca,vesicaria,ssp. ?
Eruca vesicaria ssp. sativa,Eruca,vesicaria,ssp. sativa
Erucastrum gallicum,Erucastrum,gallicum,
Eryngium aquaticum,Eryngium,aquaticum,var. ?
Eryngium aquaticum var. aquaticum,Eryngium,aquaticum,var. aquaticum
Eryngium planum,Eryngium,planum,
Erysimum asperum,Erysimum,asperum,
Erysimum cheiranthoides,Erysimum,cheiranthoides,
Erysimum hieraciifolium,Erysimum,hieraciifolium,
Erysimum inconspicuum,Erysimum,inconspicuum,
Erysimum repandum,Erysimum,repandum,
Erythranthe guttata,Erythranthe,guttata,
Erythranthe moschata,Erythranthe,moschata,
Erythronium albidum,Erythronium,albidum,
Erythronium americanum,Erythronium,americanum,ssp. ?
Erythronium americanum ssp. americanum,Erythronium,americanum,ssp. americanum
Eschscholzia californica,Eschscholzia,californica,ssp. ?
Eschscholzia californica ssp. californica,Eschscholzia,californica,ssp. californica
Eubotrys racemosa,Eubotrys,racemosa,
Eubotrys recurva,Eubotrys,recurva,
Eucommia ulmoides,Eucommia,ulmoides,
Euonymus alatus,Euonymus,alatus,
Euonymus americanus,Euonymus,americanus,
Euonymus atropurpureus,Euonymus,atropurpureus,
Euonymus europaeus,Euonymus,europaeus,
Euonymus fortunei,Euonymus,fortunei,
Euonymus obovatus,Euonymus,obovatus,
Eupatorium altissimum,Eupatorium,altissimum,
Eupatorium cannabinum,Eupatorium,cannabinum,
Eupatorium capillifolium,Eupatorium,capillifolium,
Eupatorium hyssopifolium,Eupatorium,hyssopifolium,
Eupatorium leucolepis,Eupatorium,leucolepis,
Eupatorium perfoliatum,Eupatorium,perfoliatum,
Eupatorium pilosum,Eupatorium,pilosum,
Eupatorium pubescens,Eupatorium,pubescens,
Eupatorium resinosum,Eupatorium,resinosum,
Eupatorium rotundifolium,Eupatorium,rotundifolium,
Eupatorium serotinum,Eupatorium,serotinum,
Eupatorium sessilifolium,Eupatorium,sessilifolium,
Eupatorium subvenosum,Eupatorium,subvenosum,
Eupatorium torreyanum,Eupatorium,torreyanum,
Euphorbia corollata,Euphorbia,corollata,
Euphorbia cyparissias,Euphorbia,cyparissias,
Euphorbia davidii,Euphorbia,davidii,
Euphorbia epithymoides,Euphorbia,epithymoides,
Euphorbia exigua,Euphorbia,exigua,
Euphorbia glyptosperma,Euphorbia,glyptosperma,
Euphorbia helioscopia,Euphorbia,helioscopia,
Euphorbia hirta,Euphorbia,hirta,
Euphorbia hypericifolia,Euphorbia,hypericifolia,
Euphorbia hyssopifolia,Euphorbia,hyssopifolia,
Euphorbia ipecacuanhae,Euphorbia,ipecacuanhae,
Euphorbia lathyris,Euphorbia,lathyris,
Euphorbia lucida,Euphorbia,lucida,
Euphorbia maculata,Euphorbia,maculata,
Euphorbia marginata,Euphorbia,marginata,
Euphorbia nutans,Euphorbia,nutans,
Euphorbia oblongata,Euphorbia,oblongata,
Euphorbia ophthalmica,Euphorbia,ophthalmica,
Euphorbia peplus,Euphorbia,peplus,
Euphorbia platyphyllos,Euphorbia,platyphyllos,
Euphorbia polygonifolia,Euphorbia,polygonifolia,
Euphorbia prostrata,Euphorbia,prostrata,
Euphorbia serpens,Euphorbia,serpens,
Euphorbia vermiculata,Euphorbia,vermiculata,
Euphorbia virgata,Euphorbia,virgata,
Euphrasia stricta,Euphrasia,stricta,
Eurybia divaricata,Eurybia,divaricata,
Eurybia macrophylla,Eurybia,macrophylla,
Eurybia macrophylla × E. spectabilis = E. ×herveyi,Eurybia,macrophylla × E. spectabilis = E. ×herveyi,
Eurybia radula,Eurybia,radula,
Eurybia schreberi,Eurybia,schreberi,
Eurybia spectabilis,Eurybia,spectabilis,
Eustachys retusa,Eustachys,retusa,
Euthamia caroliniana,Euthamia,caroliniana,
Euthamia graminifolia,Euthamia,graminifolia,
Eutrochium dubium,Eutrochium,dubium,
Eutrochium fistulosum,Eutrochium,fistulosum,
Eutrochium maculatum,Eutrochium,maculatum,
Eutrochium maculatum,Eutrochium,maculatum,var. ?
Eutrochium maculatum var. foliosum,Eutrochium,maculatum,var. foliosum
Eutrochium maculatum var. maculatum,Eutrochium,maculatum,var. maculatum
Eutrochium purpureum,Eutrochium,purpureum,var. ?
Eutrochium purpureum var. purpureum,Eutrochium,purpureum,var. purpureum
Exochorda racemosa,Exochorda,racemosa,
Fagopyrum esculentum,Fagopyrum,esculentum,
Fagopyrum tataricum,Fagopyrum,tataricum,
Fagus grandifolia,Fagus,grandifolia,
Fagus sylvatica,Fagus,sylvatica,
Falcaria vulgaris,Falcaria,vulgaris,
Fallopia baldschuanica,Fallopia,baldschuanica,
Fallopia convolvulus,Fallopia,convolvulus,
Fallopia cristata,Fallopia,cristata,
Fallopia dumetorum,Fallopia,dumetorum,
Fallopia scandens,Fallopia,scandens,
Fatoua villosa,Fatoua,villosa,
Festuca filiformis,Festuca,filiformis,
Festuca microstachys,Festuca,microstachys,var. ?
Festuca microstachys var. pauciflora,Festuca,microstachys,var. pauciflora
Festuca myuros,Festuca,myuros,
Festuca octoflora,Festuca,octoflora,var. ?
Festuca octoflora var. tenella,Festuca,octoflora,var. tenella
Festuca ovina,Festuca,ovina,
Festuca rubra,Festuca,rubra,
Festuca rubra,Festuca,rubra,ssp. ?
Festuca rubra ssp. commutata,Festuca,rubra,ssp. commutata
Festuca rubra ssp. rubra,Festuca,rubra,ssp. rubra
Festuca saximontana,Festuca,saximontana,var. ?
Festuca saximontana var. saximontana,Festuca,saximontana,var. saximontana
Festuca subverticillata,Festuca,subverticillata,
Festuca trachyphylla,Festuca,trachyphylla,
Ficaria verna,Ficaria,verna,
Ficus carica,Ficus,carica,
Filago germanica,Filago,germanica,
Filipendula rubra,Filipendula,rubra,
Filipendula ulmaria,Filipendula,ulmaria,
Filipendula vulgaris,Filipendula,vulgaris,
Fimbristylis autumnalis,Fimbristylis,autumnalis,
Fimbristylis castanea,Fimbristylis,castanea,
Fimbristylis puberula,Fimbristylis,puberula,var. ?
Fimbristylis puberula var. puberula,Fimbristylis,puberula,var. puberula
Floerkea proserpinacoides,Floerkea,proserpinacoides,
Foeniculum vulgare,Foeniculum,vulgare,
Forsythia intermedia,Forsythia,intermedia,
Forsythia suspensa,Forsythia,suspensa,
Forsythia viridissima,Forsythia,viridissima,
Fragaria chiloensis × F. virginiana = F. ×ananassa,Fragaria,chiloensis × F. virginiana = F. ×ananassa,ssp. ?
Fragaria chiloensis × F. virginiana = F. ×ananassa ssp. ananassa,Fragaria,chiloensis × F. virginiana = F. ×ananassa,ssp. ananassa
Fragaria vesca,Fragaria,vesca,
Fragaria vesca,Fragaria,vesca,ssp. ?
Fragaria vesca ssp. americana,Fragaria,vesca,ssp. americana
Fragaria vesca ssp. vesca,Fragaria,vesca,ssp. vesca
Fragaria virginiana,Fragaria,virginiana,
Fragaria virginiana,Fragaria,virginiana,ssp. ?
Fragaria virginiana ssp. glauca,Fragaria,virginiana,ssp. glauca
Fragaria virginiana ssp. grayana,Fragaria,virginiana,ssp. grayana
Fragaria virginiana ssp. virginiana,Fragaria,virginiana,ssp. virginiana
Frangula alnus,Frangula,alnus,
Frasera caroliniensis,Frasera,caroliniensis,
Fraxinus americana,Fraxinus,americana,
Fraxinus excelsior,Fraxinus,excelsior,
Fraxinus nigra,Fraxinus,nigra,
Fraxinus ornus,Fraxinus,ornus,
Fraxinus pennsylvanica,Fraxinus,pennsylvanica,
Fraxinus profunda,Fraxinus,profunda,
Froelichia floridana,Froelichia,floridana,
Froelichia gracilis,Froelichia,gracilis,
Fuirena pumila,Fuirena,pumila,
Fuirena squarrosa,Fuirena,squarrosa,
Fumaria officinalis,Fumaria,officinalis,
Gaillardia aristata,Gaillardia,aristata,
Gaillardia pulchella,Gaillardia,pulchella,var. ?
Gaillardia pulchella var. pulchella,Gaillardia,pulchella,var. pulchella
Galactia regularis,Galactia,regularis,
Galanthus elwesii,Galanthus,elwesii,
Galanthus nivalis,Galanthus,nivalis,
Galax urceolata,Galax,urceolata,
Galearis spectabilis,Galearis,spectabilis,
Galega officinalis,Galega,officinalis,
Galeopsis angustifolium,Galeopsis,angustifolium,
Galeopsis bifida,Galeopsis,bifida,
Galeopsis ladanum,Galeopsis,ladanum,
Galeopsis tetrahit,Galeopsis,tetrahit,
Galinsoga parviflora,Galinsoga,parviflora,
Galinsoga quadriradiata,Galinsoga,quadriradiata,
Galium album,Galium,album,
Galium album × G. verum = G. ×pomeranicum,Galium,album × G. verum = G. ×pomeranicum,
Galium aparine,Galium,aparine,
Galium arvense,Galium,arvense,
Galium asprellum,Galium,asprellum,
Galium boreale,Galium,boreale,
Galium brevipes,Galium,brevipes,
Galium circaezans,Galium,circaezans,
Galium concinnum,Galium,concinnum,
Galium cruciata,Galium,cruciata,
Galium kamtschaticum,Galium,kamtschaticum,
Galium labradoricum,Galium,labradoricum,
Galium lanceolatum,Galium,lanceolatum,
Galium obtusum,Galium,obtusum,ssp. ?
Galium obtusum ssp. obtusum,Galium,obtusum,ssp. obtusum
Galium odoratum,Galium,odoratum,
Galium palustre,Galium,palustre,
Galium pedemontanum,Galium,pedemontanum,
Galium pilosum,Galium,pilosum,ssp. ?
Galium pilosum ssp. pilosum,Galium,pilosum,ssp. pilosum
Galium pumilum,Galium,pumilum,
Galium sherardia,Galium,sherardia,
Galium sylvaticum,Galium,sylvaticum,
Galium tinctorium,Galium,tinctorium,
Galium tricornutum,Galium,tricornutum,
Galium trifidum,Galium,trifidum,ssp. ?
Galium trifidum ssp. trifidum,Galium,trifidum,ssp. trifidum
Galium triflorum,Galium,triflorum,
Galium verum,Galium,verum,
Galium verum,Galium,verum,ssp. ?
Galium verum ssp. verum,Galium,verum,ssp. verum
Galium verum ssp. wirtgenii,Galium,verum,ssp. wirtgenii
Gamochaeta pensylvanica,Gamochaeta,pensylvanica,
Gamochaeta purpurea,Gamochaeta,purpurea,
Gaultheria hispidula,Gaultheria,hispidula,
Gaultheria procumbens,Gaultheria,procumbens,
Gaylussacia baccata,Gaylussacia,baccata,
Gaylussacia bigeloviana,Gaylussacia,bigeloviana,
Gaylussacia frondosa,Gaylussacia,frondosa,
Genista tinctoria,Genista,tinctoria,
Gentiana andrewsii,Gentiana,andrewsii,var. ?
Gentiana andrewsii var. andrewsii,Gentiana,andrewsii,var. andrewsii
Gentiana clausa,Gentiana,clausa,
Gentiana linearis,Gentiana,linearis,
Gentiana puberulenta,Gentiana,puberulenta,
Gentiana saponaria,Gentiana,saponaria,
Gentianella quinquefolia,Gentianella,quinquefolia,ssp. ?
Gentianella quinquefolia ssp. quinquefolia,Gentianella,quinquefolia,ssp. quinquefolia
Gentianopsis crinita,Gentianopsis,crinita,
Gentianopsis virgata,Gentianopsis,virgata,ssp. ?
Gentianopsis virgata ssp. virgata,Gentianopsis,virgata,ssp. virgata
Geocaulon lividum,Geocaulon,lividum,
Geranium aequale,Geranium,aequale,
Geranium bicknellii,Geranium,bicknellii,
Geranium carolinianum,Geranium,carolinianum,
Geranium columbinum,Geranium,columbinum,
Geranium dissectum,Geranium,dissectum,
Geranium maculatum,Geranium,maculatum,
Geranium molle,Geranium,molle,
Geranium pratense,Geranium,pratense,
Geranium pusillum,Geranium,pusillum,
Geranium pyrenaicum,Geranium,pyrenaicum,ssp. ?
Geranium pyrenaicum ssp. pyrenaicum,Geranium,pyrenaicum,ssp. pyrenaicum
Geranium robertianum,Geranium,robertianum,
Geranium rotundifolium,Geranium,rotundifolium,
Geranium sanguineum,Geranium,sanguineum,
Geranium sibiricum,Geranium,sibiricum,
Geranium thunbergii,Geranium,thunbergii,
Geum aleppicum,Geum,aleppicum,
Geum aleppicum × G. canadense = G. ×hainesianum,Geum,aleppicum × G. canadense = G. ×hainesianum,
Geum aleppicum × G. rivale = G. ×aurantiacum,Geum,aleppicum × G. rivale = G. ×aurantiacum,
Geum canadense,Geum,canadense,
Geum canadense × G. laciniatum = G. ×cortlandicum,Geum,canadense × G. laciniatum = G. ×cortlandicum,
Geum canadense × G. urbanum = G. ×catlingii,Geum,canadense × G. urbanum = G. ×catlingii,
Geum fragarioides,Geum,fragarioides,
Geum laciniatum,Geum,laciniatum,
Geum laciniatum × G. urbanum = G. ×macneillii,Geum,laciniatum × G. urbanum = G. ×macneillii,
Geum macrophyllum,Geum,macrophyllum,var. ?
Geum macrophyllum var. macrophyllum,Geum,macrophyllum,var. macrophyllum
Geum rivale,Geum,rivale,
Geum rivale × G. urbanum = G. ×intermedium,Geum,rivale × G. urbanum = G. ×intermedium,
Geum triflorum,Geum,triflorum,var. ?
Geum triflorum var. triflorum,Geum,triflorum,var. triflorum
Geum urbanum,Geum,urbanum,
Geum vernum,Geum,vernum,
Geum virginianum,Geum,virginianum,
Gilia achilleifolia,Gilia,achilleifolia,ssp. ?
Gilia achilleifolia ssp. achilleifolia,Gilia,achilleifolia,ssp. achilleifolia
Gillenia stipulata,Gillenia,stipulata,
Gillenia trifoliata,Gillenia,trifoliata,
Glaucium corniculatum,Glaucium,corniculatum,
Glaucium flavum,Glaucium,flavum,
Glebionis coronaria,Glebionis,coronaria,
Glebionis segetum,Glebionis,segetum,
Glechoma hederacea,Glechoma,hederacea,
Gleditsia triacanthos,Gleditsia,triacanthos,
Glyceria acutiflora,Glyceria,acutiflora,
Glyceria borealis,Glyceria,borealis,
Glyceria canadensis,Glyceria,canadensis,
Glyceria declinata,Glyceria,declinata,
Glyceria fluitans,Glyceria,fluitans,
Glyceria grandis,Glyceria,grandis,var. ?
Glyceria grandis var. grandis,Glyceria,grandis,var. grandis
Glyceria laxa,Glyceria,laxa,
Glyceria melicaria,Glyceria,melicaria,
Glyceria obtusa,Glyceria,obtusa,
Glyceria septentrionalis,Glyceria,septentrionalis,var. ?
Glyceria septentrionalis var. septentrionalis,Glyceria,septentrionalis,var. septentrionalis
Glyceria striata,Glyceria,striata,
Glycine max,Glycine,max,
Glycyrrhiza lepidota,Glycyrrhiza,lepidota,
Gnaphalium uliginosum,Gnaphalium,uliginosum,
Gomphrena globosa,Gomphrena,globosa,
Gomphrena martiana,Gomphrena,martiana,
Goodyera pubescens,Goodyera,pubescens,
Goodyera repens,Goodyera,repens,
Goodyera tesselata,Goodyera,tesselata,
Gossypium hirsutum,Gossypium,hirsutum,
Graphephorum melicoides,Graphephorum,melicoides,
Gratiola aurea,Gratiola,aurea,
Gratiola neglecta,Gratiola,neglecta,
Gratiola virginiana,Gratiola,virginiana,
Greeneochloa coarctata,Greeneochloa,coarctata,
Grindelia squarrosa,Grindelia,squarrosa,
Grindelia squarrosa,Grindelia,squarrosa,var. ?
Grindelia squarrosa var. nuda,Grindelia,squarrosa,var. nuda
Grindelia squarrosa var. squarrosa,Grindelia,squarrosa,var. squarrosa
Guizotia abyssinica,Guizotia,abyssinica,
Gutierrezia sarothrae,Gutierrezia,sarothrae,
Gymnocarpium disjunctum × G. dryopteris = G. ×brittonianum,Gymnocarpium,disjunctum × G. dryopteris = G. ×brittonianum,
Gymnocarpium dryopteris,Gymnocarpium,dryopteris,
Gymnocladus dioicus,Gymnocladus,dioicus,
Gynandropsis gynandra,Gynandropsis,gynandra,
Gypsophila elegans,Gypsophila,elegans,
Gypsophila paniculata,Gypsophila,paniculata,
Gypsophila pilosa,Gypsophila,pilosa,
Gypsophila scorzonerifolia,Gypsophila,scorzonerifolia,
Gypsophila vaccaria,Gypsophila,vaccaria,
Hackelia deflexa,Hackelia,deflexa,ssp. ?
Hackelia deflexa ssp. americana,Hackelia,deflexa,ssp. americana
Hackelia virginiana,Hackelia,virginiana,
Halenia deflexa,Halenia,deflexa,ssp. ?
Halenia deflexa ssp. deflexa,Halenia,deflexa,ssp. deflexa
Halesia carolina,Halesia,carolina,
Hamamelis virginiana,Hamamelis,virginiana,
Harrimanella hypnoides,Harrimanella,hypnoides,
Hedeoma hispida,Hedeoma,hispida,
Hedeoma pulegioides,Hedeoma,pulegioides,
Hedera helix,Hedera,helix,ssp. ?
Hedera helix ssp. helix,Hedera,helix,ssp. helix
Helanthium tenellum,Helanthium,tenellum,
Helenium amarum,Helenium,amarum,var. ?
Helenium amarum var. amarum,Helenium,amarum,var. amarum
Helenium autumnale,Helenium,autumnale,
Helenium flexuosum,Helenium,flexuosum,
Helianthemum salicifolium,Helianthemum,salicifolium,
Helianthus angustifolius,Helianthus,angustifolius,
Helianthus annuus,Helianthus,annuus,
Helianthus debilis,Helianthus,debilis,ssp. ?
Helianthus debilis ssp. cucumerifolius,Helianthus,debilis,ssp. cucumerifolius
Helianthus decapetalus,Helianthus,decapetalus,
Helianthus divaricatus,Helianthus,divaricatus,
Helianthus divaricatus × H. giganteus = H. ×ambiguus,Helianthus,divaricatus × H. giganteus = H. ×ambiguus,
Helianthus giganteus,Helianthus,giganteus,
Helianthus grosseserratus,Helianthus,grosseserratus,
Helianthus grosseserratus × H. salicifolius = H. ×kellermanii,Helianthus,grosseserratus × H. salicifolius = H. ×kellermanii,
Helianthus hirsutus,Helianthus,hirsutus,
Helianthus maximiliani,Helianthus,maximiliani,
Helianthus mollis,Helianthus,mollis,
Helianthus occidentalis,Helianthus,occidentalis,ssp. ?
Helianthus occidentalis ssp. occidentalis,Helianthus,occidentalis,ssp. occidentalis
Helianthus pauciflorus,Helianthus,pauciflorus,ssp. ?
Helianthus pauciflorus ssp. subrhomboideus,Helianthus,pauciflorus,ssp. subrhomboideus
Helianthus pauciflorus × H. tuberosus = H. ×laetiflorus,Helianthus,pauciflorus × H. tuberosus = H. ×laetiflorus,
Helianthus petiolaris,Helianthus,petiolaris,ssp. ?
Helianthus petiolaris ssp. petiolaris,Helianthus,petiolaris,ssp. petiolaris
Helianthus salicifolius,Helianthus,salicifolius,
Helianthus strumosus,Helianthus,strumosus,
Helianthus tuberosus,Helianthus,tuberosus,
Heliomeris multiflora,Heliomeris,multiflora,var. ?
Heliomeris multiflora var. multiflora,Heliomeris,multiflora,var. multiflora
Heliopsis helianthoides,Heliopsis,helianthoides,
Heliopsis helianthoides,Heliopsis,helianthoides,ssp. ?
Heliopsis helianthoides ssp. helianthoides,Heliopsis,helianthoides,ssp. helianthoides
Heliopsis helianthoides ssp. scabra,Heliopsis,helianthoides,ssp. scabra
Heliotropium amplexicaule,Heliotropium,amplexicaule,
Heliotropium europaeum,Heliotropium,europaeum,
Helleborus niger,Helleborus,niger,
Helleborus viridis,Helleborus,viridis,
Helminthotheca echioides,Helminthotheca,echioides,
Helonias bullata,Helonias,bullata,
Hemerocallis fulva,Hemerocallis,fulva,
Hemerocallis lilioasphodelus,Hemerocallis,lilioasphodelus,
Hepatica acutiloba,Hepatica,acutiloba,
Hepatica americana,Hepatica,americana,
Heracleum mantegazzianum,Heracleum,mantegazzianum,
Heracleum maximum,Heracleum,maximum,
Heracleum sphondylium,Heracleum,sphondylium,ssp. ?
Heracleum sphondylium ssp. sphondylium,Heracleum,sphondylium,ssp. sphondylium
Herniaria glabra,Herniaria,glabra,
Herniaria hirsuta,Herniaria,hirsuta,ssp. ?
Herniaria hirsuta ssp. cinerea,Herniaria,hirsuta,ssp. cinerea
Hesperis matronalis,Hesperis,matronalis,
Hesperostipa comata,Hesperostipa,comata,ssp. ?
Hesperostipa comata ssp. comata,Hesperostipa,comata,ssp. comata
Heteranthera dubia,Heteranthera,dubia,
Heteranthera reniformis,Heteranthera,reniformis,
Heterotheca subaxillaris,Heterotheca,subaxillaris,
Heuchera americana,Heuchera,americana,var. ?
Heuchera americana var. americana,Heuchera,americana,var. americana
Heuchera villosa,Heuchera,villosa,var. ?
Heuchera villosa var. villosa,Heuchera,villosa,var. villosa
Hexasepalum teres,Hexasepalum,teres,
Hexastylis shuttleworthii,Hexastylis,shuttleworthii,var. ?
Hexastylis shuttleworthii var. shuttleworthii,Hexastylis,shuttleworthii,var. shuttleworthii
Hibiscus laevis,Hibiscus,laevis,
Hibiscus moscheutos,Hibiscus,moscheutos,ssp. ?
Hibiscus moscheutos ssp. moscheutos,Hibiscus,moscheutos,ssp. moscheutos
Hibiscus syriacus,Hibiscus,syriacus,
Hibiscus trionum,Hibiscus,trionum,
Hieracium gronovii,Hieracium,gronovii,
Hieracium gronovii × H. venosum = H. ×marianum,Hieracium,gronovii × H. venosum = H. ×marianum,
Hieracium kalmii,Hieracium,kalmii,
Hieracium lachenalii,Hieracium,lachenalii,
Hieracium maculatum,Hieracium,maculatum,
Hieracium murorum,Hieracium,murorum,
Hieracium paniculatum,Hieracium,paniculatum,
Hieracium sabaudum,Hieracium,sabaudum,
Hieracium scabrum,Hieracium,scabrum,
Hieracium venosum,Hieracium,venosum,
Hippuris vulgaris,Hippuris,vulgaris,
Holcus lanatus,Holcus,lanatus,
Holcus mollis,Holcus,mollis,ssp. ?
Holcus mollis ssp. mollis,Holcus,mollis,ssp. mollis
Holosteum umbellatum,Holosteum,umbellatum,ssp. ?
Holosteum umbellatum ssp. umbellatum,Holosteum,umbellatum,ssp. umbellatum
Homalosorus pycnocarpos,Homalosorus,pycnocarpos,
Honckenya peploides,Honckenya,peploides,ssp. ?
Honckenya peploides ssp. robusta,Honckenya,peploides,ssp. robusta
Hordeum jubatum,Hordeum,jubatum,ssp. ?
Hordeum jubatum ssp. jubatum,Hordeum,jubatum,ssp. jubatum
Hordeum marinum,Hordeum,marinum,ssp. ?
Hordeum marinum ssp. gussoneanum,Hordeum,marinum,ssp. gussoneanum
Hordeum murinum,Hordeum,murinum,
Hordeum murinum,Hordeum,murinum,ssp. ?
Hordeum murinum ssp. glaucum,Hordeum,murinum,ssp. glaucum
Hordeum murinum ssp. leporinum,Hordeum,murinum,ssp. leporinum
Hordeum murinum ssp. murinum,Hordeum,murinum,ssp. murinum
Hordeum pusillum,Hordeum,pusillum,
Hordeum vulgare,Hordeum,vulgare,
Hosta lancifolia,Hosta,lancifolia,
Hosta plantaginea,Hosta,plantaginea,
Hosta ventricosa,Hosta,ventricosa,
Hottonia inflata,Hottonia,inflata,
Houstonia caerulea,Houstonia,caerulea,
Houstonia canadensis,Houstonia,canadensis,
Houstonia longifolia,Houstonia,longifolia,
Houstonia purpurea,Houstonia,purpurea,
Houstonia purpurea,Houstonia,purpurea,var. ?
Houstonia purpurea var. calycosa,Houstonia,purpurea,var. calycosa
Houstonia purpurea var. purpurea,Houstonia,purpurea,var. purpurea
Houstonia pusilla,Houstonia,pusilla,
Houttuynia cordata,Houttuynia,cordata,
Hudsonia ericoides,Hudsonia,ericoides,
Hudsonia tomentosa,Hudsonia,tomentosa,
Humulus japonicus,Humulus,japonicus,
Humulus lupulus,Humulus,lupulus,
Humulus lupulus,Humulus,lupulus,var. ?
Humulus lupulus var. lupuloides,Humulus,lupulus,var. lupuloides
Humulus lupulus var. lupulus,Humulus,lupulus,var. lupulus
Humulus lupulus var. pubescens,Humulus,lupulus,var. pubescens
Huperzia appressa,Huperzia,appressa,
Huperzia lucidula,Huperzia,lucidula,
Huperzia lucidula × H. porophila = H. ×bartleyi,Huperzia,lucidula × H. porophila = H. ×bartleyi,
Huperzia selago,Huperzia,selago,
Hyacinthoides hispanica,Hyacinthoides,hispanica,
Hyacinthoides non-scripta,Hyacinthoides,non-scripta,
Hydrangea arborescens,Hydrangea,arborescens,
Hydrangea heteromalla,Hydrangea,heteromalla,
Hydrangea paniculata,Hydrangea,paniculata,
Hydrastis canadensis,Hydrastis,canadensis,
Hydrilla verticillata,Hydrilla,verticillata,
Hydrocharis morsus-ranae,Hydrocharis,morsus-ranae,
Hydrocotyle americana,Hydrocotyle,americana,
Hydrocotyle batrachium,Hydrocotyle,batrachium,
Hydrocotyle ranunculoides,Hydrocotyle,ranunculoides,
Hydrocotyle sibthorpioides,Hydrocotyle,sibthorpioides,
Hydrocotyle umbellata,Hydrocotyle,umbellata,
Hydrocotyle verticillata,Hydrocotyle,verticillata,var. ?
Hydrocotyle verticillata var. verticillata,Hydrocotyle,verticillata,var. verticillata
Hydrocotyle vulgaris,Hydrocotyle,vulgaris,
Hydrophyllum canadense,Hydrophyllum,canadense,
Hydrophyllum virginianum,Hydrophyllum,virginianum,var. ?
Hydrophyllum virginianum var. virginianum,Hydrophyllum,virginianum,var. virginianum
Hylodesmum glutinosum,Hylodesmum,glutinosum,
Hylodesmum nudiflorum,Hylodesmum,nudiflorum,
Hylodesmum pauciflorum,Hylodesmum,pauciflorum,
Hylotelephium erythrostictum,Hylotelephium,erythrostictum,
Hylotelephium telephioides,Hylotelephium,telephioides,
Hylotelephium telephium,Hylotelephium,telephium,
Hyoscyamus niger,Hyoscyamus,niger,
Hypericum adpressum,Hypericum,adpressum,
Hypericum ascyron,Hypericum,ascyron,ssp. ?
Hypericum ascyron ssp. pyramidatum,Hypericum,ascyron,ssp. pyramidatum
Hypericum boreale,Hypericum,boreale,
Hypericum boreale × H. canadense,Hypericum,boreale × H. canadense,
Hypericum canadense,Hypericum,canadense,
Hypericum densiflorum,Hypericum,densiflorum,
Hypericum denticulatum,Hypericum,denticulatum,
Hypericum ellipticum,Hypericum,ellipticum,
Hypericum fraseri,Hypericum,fraseri,
Hypericum frondosum,Hypericum,frondosum,
Hypericum gentianoides,Hypericum,gentianoides,
Hypericum humifusum,Hypericum,humifusum,
Hypericum kalmianum,Hypericum,kalmianum,
Hypericum majus,Hypericum,majus,
Hypericum mutilum,Hypericum,mutilum,ssp. ?
Hypericum mutilum ssp. mutilum,Hypericum,mutilum,ssp. mutilum
Hypericum perforatum,Hypericum,perforatum,ssp. ?
Hypericum perforatum ssp. perforatum,Hypericum,perforatum,ssp. perforatum
Hypericum prolificum,Hypericum,prolificum,
Hypericum punctatum,Hypericum,punctatum,
Hypericum stragulum,Hypericum,stragulum,
Hypericum virginicum,Hypericum,virginicum,
Hypochaeris radicata,Hypochaeris,radicata,
Hypopitys lanuginosa,Hypopitys,lanuginosa,
Hypopitys monotropa,Hypopitys,monotropa,
Hypoxis hirsuta,Hypoxis,hirsuta,
Hyssopus officinalis,Hyssopus,officinalis,
Iberis amara,Iberis,amara,
Iberis sempervirens,Iberis,sempervirens,
Iberis umbellata,Iberis,umbellata,
Idesia polycarpa,Idesia,polycarpa,var. ?
Idesia polycarpa var. polycarpa,Idesia,polycarpa,var. polycarpa
Ilex crenata,Ilex,crenata,
Ilex glabra,Ilex,glabra,
Ilex laevigata,Ilex,laevigata,
Ilex montana,Ilex,montana,
Ilex mucronata,Ilex,mucronata,
Ilex opaca,Ilex,opaca,var. ?
Ilex opaca var. opaca,Ilex,opaca,var. opaca
Ilex verticillata,Ilex,verticillata,
Impatiens balfourii,Impatiens,balfourii,
Impatiens balsamina,Impatiens,balsamina,
Impatiens capensis,Impatiens,capensis,
Impatiens glandulifera,Impatiens,glandulifera,
Impatiens pallida,Impatiens,pallida,
Inula britannica,Inula,britannica,
Inula helenium,Inula,helenium,
Inula racemosa,Inula,racemosa,
Inula salicina,Inula,salicina,
Ionactis linariifolia,Ionactis,linariifolia,
Ipomoea batatas,Ipomoea,batatas,
Ipomoea coccinea,Ipomoea,coccinea,
Ipomoea hederacea,Ipomoea,hederacea,
Ipomoea lacunosa,Ipomoea,lacunosa,
Ipomoea pandurata,Ipomoea,pandurata,
Ipomoea purpurea,Ipomoea,purpurea,
Iris cristata,Iris,cristata,
Iris domestica,Iris,domestica,
Iris germanica,Iris,germanica,
Iris prismatica,Iris,prismatica,
Iris pseudacorus,Iris,pseudacorus,
Iris sibirica,Iris,sibirica,
Iris versicolor,Iris,versicolor,
Iris virginica,Iris,virginica,
Isatis tinctoria,Isatis,tinctoria,
Isoetes echinospora,Isoetes,echinospora,ssp. ?
Isoetes echinospora ssp. muricata,Isoetes,echinospora,ssp. muricata
Isoetes echinospora × I. engelmannii = I. ×eatonii,Isoetes,echinospora × I. engelmannii = I. ×eatonii,
Isoetes echinospora × I. septentrionalis = I. ×robusta,Isoetes,echinospora × I. septentrionalis = I. ×robusta,
Isoetes engelmannii,Isoetes,engelmannii,
Isoetes engelmannii × I. septentrionalis,Isoetes,engelmannii × I. septentrionalis,
Isoetes macrospora,Isoetes,macrospora,
Isoetes septentrionalis,Isoetes,septentrionalis,
Isoetes tuckermanii,Isoetes,tuckermanii,
Isotrema macrophyllum,Isotrema,macrophyllum,
Isotrema tomentosum,Isotrema,tomentosum,
Isotria medeoloides,Isotria,medeoloides,
Isotria verticillata,Isotria,verticillata,
Iva frutescens,Iva,frutescens,
Ixeris stolonifera,Ixeris,stolonifera,
Jasione montana,Jasione,montana,
Jeffersonia diphylla,Jeffersonia,diphylla,
Juglans ailantifolia,Juglans,ailantifolia,
Juglans ailantifolia × J. cinerea = J. ×bixbyi,Juglans,ailantifolia × J. cinerea = J. ×bixbyi,
Juglans cinerea,Juglans,cinerea,
Juglans nigra,Juglans,nigra,
Juncus acuminatus,Juncus,acuminatus,
Juncus alpinoarticulatus,Juncus,alpinoarticulatus,ssp. ?
Juncus alpinoarticulatus ssp. americanus,Juncus,alpinoarticulatus,ssp. americanus
Juncus anthelatus,Juncus,anthelatus,
Juncus articulatus,Juncus,articulatus,
Juncus balticus,Juncus,balticus,ssp. ?
Juncus balticus ssp. littoralis,Juncus,balticus,ssp. littoralis
Juncus biflorus,Juncus,biflorus,
Juncus brachycarpus,Juncus,brachycarpus,
Juncus brachycephalus,Juncus,brachycephalus,
Juncus bufonius,Juncus,bufonius,
Juncus canadensis,Juncus,canadensis,
Juncus compressus,Juncus,compressus,
Juncus conglomeratus,Juncus,conglomeratus,
Juncus debilis,Juncus,debilis,
Juncus dichotomus,Juncus,dichotomus,
Juncus diffusissimus,Juncus,diffusissimus,
Juncus dudleyi,Juncus,dudleyi,
Juncus effusus,Juncus,effusus,ssp. ?
Juncus effusus ssp. solutus,Juncus,effusus,ssp. solutus
Juncus ensifolius,Juncus,ensifolius,var. ?
Juncus ensifolius var. ensifolius,Juncus,ensifolius,var. ensifolius
Juncus filiformis,Juncus,filiformis,
Juncus gerardi,Juncus,gerardi,
Juncus greenei,Juncus,greenei,
Juncus inflexus,Juncus,inflexus,
Juncus marginatus,Juncus,marginatus,
Juncus maritimus,Juncus,maritimus,
Juncus militaris,Juncus,militaris,
Juncus nodosus,Juncus,nodosus,
Juncus pelocarpus,Juncus,pelocarpus,
Juncus pylaei,Juncus,pylaei,
Juncus ranarius,Juncus,ranarius,
Juncus scirpoides,Juncus,scirpoides,
Juncus scirpoides,Juncus,scirpoides,var. ?
Juncus scirpoides var. compositus,Juncus,scirpoides,var. compositus
Juncus scirpoides var. scirpoides,Juncus,scirpoides,var. scirpoides
Juncus secundus,Juncus,secundus,
Juncus stygius,Juncus,stygius,var. ?
Juncus stygius var. americanus,Juncus,stygius,var. americanus
Juncus subcaudatus,Juncus,subcaudatus,
Juncus tenuis,Juncus,tenuis,
Juncus torreyi,Juncus,torreyi,
Juncus tweedyi,Juncus,tweedyi,
Juncus vaseyi,Juncus,vaseyi,
Juniperus chinensis,Juniperus,chinensis,
Juniperus communis,Juniperus,communis,
Juniperus communis,Juniperus,communis,var. ?
Juniperus communis var. communis,Juniperus,communis,var. communis
Juniperus communis var. depressa,Juniperus,communis,var. depressa
Juniperus horizontalis,Juniperus,horizontalis,
Juniperus rigida,Juniperus,rigida,var. ?
Juniperus rigida var. conferta,Juniperus,rigida,var. conferta
Juniperus virginiana,Juniperus,virginiana,var. ?
Juniperus virginiana var. virginiana,Juniperus,virginiana,var. virginiana
Justicia americana,Justicia,americana,
Kalmia angustifolia,Kalmia,angustifolia,var. ?
Kalmia angustifolia var. angustifolia,Kalmia,angustifolia,var. angustifolia
Kalmia latifolia,Kalmia,latifolia,
Kalmia polifolia,Kalmia,polifolia,
Kalmia procumbens,Kalmia,procumbens,
Kalopanax septemlobus,Kalopanax,septemlobus,
Kellochloa verrucosa,Kellochloa,verrucosa,
Kerria japonica,Kerria,japonica,
Kickxia elatine,Kickxia,elatine,
Kickxia spuria,Kickxia,spuria,
Knautia arvensis,Knautia,arvensis,
Koeleria macrantha,Koeleria,macrantha,
Koeleria spicata,Koeleria,spicata,
Koelreuteria paniculata,Koelreuteria,paniculata,
Kolkwitzia amabilis,Kolkwitzia,amabilis,
Kosteletzkya pentacarpos,Kosteletzkya,pentacarpos,var. ?
Kosteletzkya pentacarpos var. pentacarpos,Kosteletzkya,pentacarpos,var. pentacarpos
Krigia biflora,Krigia,biflora,
Krigia virginica,Krigia,virginica,
Kummerowia stipulacea,Kummerowia,stipulacea,
Kummerowia striata,Kummerowia,striata,
Lablab purpureus,Lablab,purpureus,
Lachnanthes caroliniana,Lachnanthes,caroliniana,
Lactuca biennis,Lactuca,biennis,
Lactuca biennis × L. canadensis = L. ×morssii,Lactuca,biennis × L. canadensis = L. ×morssii,
Lactuca canadensis,Lactuca,canadensis,
Lactuca floridana,Lactuca,floridana,
Lactuca hirsuta,Lactuca,hirsuta,
Lactuca pulchella,Lactuca,pulchella,
Lactuca saligna,Lactuca,saligna,
Lactuca sativa,Lactuca,sativa,
Lactuca serriola,Lactuca,serriola,
Lamium album,Lamium,album,ssp. ?
Lamium album ssp. album,Lamium,album,ssp. album
Lamium amplexicaule,Lamium,amplexicaule,var. ?
Lamium amplexicaule var. amplexicaule,Lamium,amplexicaule,var. amplexicaule
Lamium galeobdolon,Lamium,galeobdolon,
Lamium hybridum,Lamium,hybridum,
Lamium maculatum,Lamium,maculatum,
Lamium purpureum,Lamium,purpureum,
Lamprocapnos spectabilis,Lamprocapnos,spectabilis,
Laportea canadensis,Laportea,canadensis,
Lappula occidentalis,Lappula,occidentalis,
Lappula squarrosa,Lappula,squarrosa,
Lapsana communis,Lapsana,communis,
Larix decidua,Larix,decidua,
Larix kaempferi,Larix,kaempferi,
Larix laricina,Larix,laricina,
Lasthenia minor,Lasthenia,minor,
Lathyrus japonicus,Lathyrus,japonicus,var. ?
Lathyrus japonicus var. maritimus,Lathyrus,japonicus,var. maritimus
Lathyrus latifolius,Lathyrus,latifolius,
Lathyrus ochroleucus,Lathyrus,ochroleucus,
Lathyrus palustris,Lathyrus,palustris,
Lathyrus pratensis,Lathyrus,pratensis,
Lathyrus sylvestris,Lathyrus,sylvestris,
Lathyrus tuberosus,Lathyrus,tuberosus,
Lathyrus venosus,Lathyrus,venosus,
Lavandula angustifolia,Lavandula,angustifolia,
Lechea intermedia,Lechea,intermedia,
Lechea maritima,Lechea,maritima,var. ?
Lechea maritima var. maritima,Lechea,maritima,var. maritima
Lechea minor,Lechea,minor,
Lechea mucronata,Lechea,mucronata,
Lechea pulchella,Lechea,pulchella,
Lechea racemulosa,Lechea,racemulosa,
Lechea tenuifolia,Lechea,tenuifolia,
Leersia oryzoides,Leersia,oryzoides,
Leersia virginica,Leersia,virginica,
Lemna minor,Lemna,minor,
Lemna perpusilla,Lemna,perpusilla,
Lemna trisulca,Lemna,trisulca,
Lemna turionifera,Lemna,turionifera,
Lemna valdiviana,Lemna,valdiviana,
Lens culinaris,Lens,culinaris,
Leontodon hispidus,Leontodon,hispidus,ssp. ?
Leontodon hispidus ssp. hispidus,Leontodon,hispidus,ssp. hispidus
Leontodon saxatilis,Leontodon,saxatilis,ssp. ?
Leontodon saxatilis ssp. saxatilis,Leontodon,saxatilis,ssp. saxatilis
Leonurus cardiaca,Leonurus,cardiaca,
Leonurus japonicus,Leonurus,japonicus,
Lepidium campestre,Lepidium,campestre,
Lepidium chalepense,Lepidium,chalepense,
Lepidium coronopus,Lepidium,coronopus,
Lepidium densiflorum,Lepidium,densiflorum,var. ?
Lepidium densiflorum var. densiflorum,Lepidium,densiflorum,var. densiflorum
Lepidium didymum,Lepidium,didymum,
Lepidium draba,Lepidium,draba,
Lepidium latifolium,Lepidium,latifolium,
Lepidium nitidum,Lepidium,nitidum,
Lepidium perfoliatum,Lepidium,perfoliatum,
Lepidium ruderale,Lepidium,ruderale,
Lepidium sativum,Lepidium,sativum,
Lepidium virginicum,Lepidium,virginicum,ssp. ?
Lepidium virginicum ssp. virginicum,Lepidium,virginicum,ssp. virginicum
Leptochloa crinita,Leptochloa,crinita,
Lespedeza angustifolia,Lespedeza,angustifolia,
Lespedeza angustifolia × L. capitata,Lespedeza,angustifolia × L. capitata,
Lespedeza angustifolia × L. hirta = L. ×oblongifolia,Lespedeza,angustifolia × L. hirta = L. ×oblongifolia,
Lespedeza bicolor,Lespedeza,bicolor,
Lespedeza capitata,Lespedeza,capitata,
Lespedeza capitata × L. frutescens = L. ×manniana,Lespedeza,capitata × L. frutescens = L. ×manniana,
Lespedeza capitata × L. hirta = L. ×longifolia,Lespedeza,capitata × L. hirta = L. ×longifolia,
Lespedeza cuneata,Lespedeza,cuneata,
Lespedeza frutescens,Lespedeza,frutescens,
Lespedeza frutescens × L. hirta,Lespedeza,frutescens × L. hirta,
Lespedeza hirta,Lespedeza,hirta,ssp. ?
Lespedeza hirta ssp. hirta,Lespedeza,hirta,ssp. hirta
Lespedeza hirta × L. repens,Lespedeza,hirta × L. repens,
Lespedeza hirta × L. stuevei,Lespedeza,hirta × L. stuevei,
Lespedeza hirta × L. violacea = L. ×nuttallii,Lespedeza,hirta × L. violacea = L. ×nuttallii,
Lespedeza hirta × L. virginica,Lespedeza,hirta × L. virginica,
Lespedeza procumbens,Lespedeza,procumbens,
Lespedeza procumbens × L. virginica = L. ×brittonii,Lespedeza,procumbens × L. virginica = L. ×brittonii,
Lespedeza repens,Lespedeza,repens,
Lespedeza stuevei,Lespedeza,stuevei,
Lespedeza stuevei × L. virginica = L. ×neglecta,Lespedeza,stuevei × L. virginica = L. ×neglecta,
Lespedeza thunbergii,Lespedeza,thunbergii,
Lespedeza violacea,Lespedeza,violacea,
Lespedeza virginica,Lespedeza,virginica,
Leucanthemella serotina,Leucanthemella,serotina,
Leucanthemum maximum,Leucanthemum,maximum,
Leucanthemum vulgare,Leucanthemum,vulgare,
Leucojum aestivum,Leucojum,aestivum,
Leucophysalis grandiflora,Leucophysalis,grandiflora,
Leucospora multifida,Leucospora,multifida,
Leucothoe fontanesiana,Leucothoe,fontanesiana,
Levisticum officinale,Levisticum,officinale,
Leymus arenarius,Leymus,arenarius,
Liatris aspera,Liatris,aspera,
Liatris cylindracea,Liatris,cylindracea,
Liatris pycnostachya,Liatris,pycnostachya,var. ?
Liatris pycnostachya var. pycnostachya,Liatris,pycnostachya,var. pycnostachya
Liatris scariosa,Liatris,scariosa,
Liatris scariosa,Liatris,scariosa,var. ?
Liatris scariosa var. nieuwlandii,Liatris,scariosa,var. nieuwlandii
Liatris scariosa var. novae-angliae,Liatris,scariosa,var. novae-angliae
Liatris spicata,Liatris,spicata,var. ?
Liatris spicata var. spicata,Liatris,spicata,var. spicata
Ligusticum scoticum,Ligusticum,scoticum,ssp. ?
Ligusticum scoticum ssp. scoticum,Ligusticum,scoticum,ssp. scoticum
Ligustrum obtusifolium,Ligustrum,obtusifolium,
Ligustrum obtusifolium,Ligustrum,obtusifolium,var. ?
Ligustrum obtusifolium var. obtusifolium,Ligustrum,obtusifolium,var. obtusifolium
Ligustrum obtusifolium var. suave,Ligustrum,obtusifolium,var. suave
Ligustrum ovalifolium,Ligustrum,ovalifolium,
Ligustrum vulgare,Ligustrum,vulgare,
Lilaeopsis chinensis,Lilaeopsis,chinensis,
Lilium canadense,Lilium,canadense,
Lilium canadense × L. michiganense,Lilium,canadense × L. michiganense,
Lilium lancifolium,Lilium,lancifolium,
Lilium michiganense,Lilium,michiganense,
Lilium philadelphicum,Lilium,philadelphicum,
Lilium superbum,Lilium,superbum,
Limnobium spongia,Limnobium,spongia,
Limonium carolinianum,Limonium,carolinianum,
Limonium leptostachyum,Limonium,leptostachyum,
Limosella australis,Limosella,australis,
Linaria canadensis,Linaria,canadensis,
Linaria dalmatica,Linaria,dalmatica,ssp. ?
Linaria dalmatica ssp. dalmatica,Linaria,dalmatica,ssp. dalmatica
Linaria genistifolia,Linaria,genistifolia,ssp. ?
Linaria genistifolia ssp. genistifolia,Linaria,genistifolia,ssp. genistifolia
Linaria maroccana,Linaria,maroccana,
Linaria repens,Linaria,repens,
Linaria supina,Linaria,supina,ssp. ?
Linaria supina ssp. supina,Linaria,supina,ssp. supina
Linaria vulgaris,Linaria,vulgaris,
Lindera benzoin,Lindera,benzoin,
Lindernia dubia,Lindernia,dubia,
Lindernia dubia,Lindernia,dubia,var. ?
Lindernia dubia var. anagallidea,Lindernia,dubia,var. anagallidea
Lindernia dubia var. dubia,Lindernia,dubia,var. dubia
Linnaea borealis,Linnaea,borealis,ssp. ?
Linnaea borealis ssp. longiflora,Linnaea,borealis,ssp. longiflora
Linum catharticum,Linum,catharticum,
Linum grandiflorum,Linum,grandiflorum,
Linum intercursum,Linum,intercursum,
Linum medium,Linum,medium,var. ?
Linum medium var. texanum,Linum,medium,var. texanum
Linum perenne,Linum,perenne,
Linum striatum,Linum,striatum,
Linum sulcatum,Linum,sulcatum,
Linum usitatissimum,Linum,usitatissimum,
Linum virginianum,Linum,virginianum,
Lipandra polysperma,Lipandra,polysperma,
Lipandra polysperma,Lipandra,polysperma,var. ?
Lipandra polysperma var. acutifolia,Lipandra,polysperma,var. acutifolia
Lipandra polysperma var. polysperma,Lipandra,polysperma,var. polysperma
Liparis liliifolia,Liparis,liliifolia,
Liparis loeselii,Liparis,loeselii,
Liquidambar styraciflua,Liquidambar,styraciflua,
Liriodendron tulipifera,Liriodendron,tulipifera,
Lithospermum croceum,Lithospermum,croceum,
Lithospermum latifolium,Lithospermum,latifolium,
Lithospermum officinale,Lithospermum,officinale,
Lithospermum parviflorum,Lithospermum,parviflorum,
Lithospermum virginianum,Lithospermum,virginianum,
Littorella americana,Littorella,americana,
Lobelia cardinalis,Lobelia,cardinalis,
Lobelia dortmanna,Lobelia,dortmanna,
Lobelia inflata,Lobelia,inflata,
Lobelia kalmii,Lobelia,kalmii,
Lobelia nuttallii,Lobelia,nuttallii,
Lobelia siphilitica,Lobelia,siphilitica,var. ?
Lobelia siphilitica var. siphilitica,Lobelia,siphilitica,var. siphilitica
Lobelia spicata,Lobelia,spicata,
Lobelia spicata,Lobelia,spicata,var. ?
Lobelia spicata var. hirtella,Lobelia,spicata,var. hirtella
Lobelia spicata var. spicata,Lobelia,spicata,var. spicata
Lobularia maritima,Lobularia,maritima,
Logfia minima,Logfia,minima,
Lolium perenne,Lolium,perenne,
Lolium perenne,Lolium,perenne,ssp. ?
Lolium perenne ssp. multiflorum,Lolium,perenne,ssp. multiflorum
Lolium perenne ssp. perenne,Lolium,perenne,ssp. perenne
Lolium perenne × S. pratensis = ×Schedolium loliaceum,Lolium,perenne × S. pratensis = ×Schedolium loliaceum,
Lolium persicum,Lolium,persicum,
Lolium temulentum,Lolium,temulentum,ssp. ?
Lolium temulentum ssp. temulentum,Lolium,temulentum,ssp. temulentum
Lonicera canadensis,Lonicera,canadensis,
Lonicera caprifolium × L. etrusca = L. ×italica,Lonicera,caprifolium × L. etrusca = L. ×italica,
Lonicera dioica,Lonicera,dioica,
Lonicera fragrantissima,Lonicera,fragrantissima,
Lonicera hirsuta,Lonicera,hirsuta,
Lonicera japonica,Lonicera,japonica,
Lonicera maackii,Lonicera,maackii,
Lonicera morrowii,Lonicera,morrowii,
Lonicera morrowii × L. tatarica = L. ×bella,Lonicera,morrowii × L. tatarica = L. ×bella,
Lonicera oblongifolia,Lonicera,oblongifolia,
Lonicera reticulata,Lonicera,reticulata,
Lonicera ruprechtiana × L. tatarica = L. ×notha,Lonicera,ruprechtiana × L. tatarica = L. ×notha,
Lonicera sempervirens,Lonicera,sempervirens,
Lonicera tatarica,Lonicera,tatarica,
Lonicera villosa,Lonicera,villosa,
Lonicera xylosteum,Lonicera,xylosteum,
Lorinseria areolata,Lorinseria,areolata,
Lotus corniculatus,Lotus,corniculatus,
Lotus tenuis,Lotus,tenuis,
Ludwigia alternifolia,Ludwigia,alternifolia,
Ludwigia hexapetala,Ludwigia,hexapetala,
Ludwigia palustris,Ludwigia,palustris,
Ludwigia peploides,Ludwigia,peploides,ssp. ?
Ludwigia peploides ssp. glabrescens,Ludwigia,peploides,ssp. glabrescens
Ludwigia polycarpa,Ludwigia,polycarpa,
Ludwigia sphaerocarpa,Ludwigia,sphaerocarpa,
Lunaria annua,Lunaria,annua,
Lupinus perennis,Lupinus,perennis,ssp. ?
Lupinus perennis ssp. perennis,Lupinus,perennis,ssp. perennis
Lupinus polyphyllus,Lupinus,polyphyllus,var. ?
Lupinus polyphyllus var. polyphyllus,Lupinus,polyphyllus,var. polyphyllus
Luzula acuminata,Luzula,acuminata,var. ?
Luzula acuminata var. acuminata,Luzula,acuminata,var. acuminata
Luzula bulbosa,Luzula,bulbosa,
Luzula campestris,Luzula,campestris,
Luzula echinata,Luzula,echinata,
Luzula luzuloides,Luzula,luzuloides,ssp. ?
Luzula luzuloides ssp. luzuloides,Luzula,luzuloides,ssp. luzuloides
Luzula multiflora,Luzula,multiflora,ssp. ?
Luzula multiflora ssp. multiflora,Luzula,multiflora,ssp. multiflora
Luzula pallescens,Luzula,pallescens,
Luzula parviflora,Luzula,parviflora,ssp. ?
Luzula parviflora ssp. melanocarpa,Luzula,parviflora,ssp. melanocarpa
Luzula spicata,Luzula,spicata,ssp. ?
Luzula spicata ssp. spicata,Luzula,spicata,ssp. spicata
Lychnis chalcedonica,Lychnis,chalcedonica,
Lychnis coronaria,Lychnis,coronaria,
Lychnis flos-cuculi,Lychnis,flos-cuculi,ssp. ?
Lychnis flos-cuculi ssp. flos-cuculi,Lychnis,flos-cuculi,ssp. flos-cuculi
Lycium barbarum,Lycium,barbarum,
Lycium chinense,Lycium,chinense,
Lycopodiella alopecuroides,Lycopodiella,alopecuroides,
Lycopodiella alopecuroides × L. appressa = L. ×copelandii,Lycopodiella,alopecuroides × L. appressa = L. ×copelandii,
Lycopodiella appressa,Lycopodiella,appressa,
Lycopodiella appressa × L. inundata = L. ×gilmanii,Lycopodiella,appressa × L. inundata = L. ×gilmanii,
Lycopodiella inundata,Lycopodiella,inundata,
Lycopodium clavatum,Lycopodium,clavatum,
Lycopodium lagopus,Lycopodium,lagopus,
Lycopus americanus,Lycopus,americanus,
Lycopus americanus,Lycopus,americanus,ssp. ?
Lycopus americanus ssp. americanus,Lycopus,americanus,ssp. americanus
Lycopus americanus ssp. laurentianus,Lycopus,americanus,ssp. laurentianus
Lycopus amplectens,Lycopus,amplectens,
Lycopus asper,Lycopus,asper,
Lycopus europaeus,Lycopus,europaeus,
Lycopus rubellus,Lycopus,rubellus,
Lycopus uniflorus,Lycopus,uniflorus,
Lycopus uniflorus × L. virginicus = L. ×sherardii,Lycopus,uniflorus × L. virginicus = L. ×sherardii,
Lycopus virginicus,Lycopus,virginicus,
Lygodium palmatum,Lygodium,palmatum,
Lyonia ligustrina,Lyonia,ligustrina,var. ?
Lyonia ligustrina var. ligustrina,Lyonia,ligustrina,var. ligustrina
Lyonia mariana,Lyonia,mariana,
Lysimachia arvensis,Lysimachia,arvensis,
Lysimachia borealis,Lysimachia,borealis,
Lysimachia ciliata,Lysimachia,ciliata,
Lysimachia clethroides,Lysimachia,clethroides,
Lysimachia hybrida,Lysimachia,hybrida,
Lysimachia nummularia,Lysimachia,nummularia,
Lysimachia punctata,Lysimachia,punctata,
Lysimachia quadriflora,Lysimachia,quadriflora,
Lysimachia quadrifolia,Lysimachia,quadrifolia,
Lysimachia quadrifolia × L. terrestris = L. ×producta,Lysimachia,quadrifolia × L. terrestris = L. ×producta,
Lysimachia terrestris,Lysimachia,terrestris,
Lysimachia terrestris × L. thyrsiflora,Lysimachia,terrestris × L. thyrsiflora,
Lysimachia thyrsiflora,Lysimachia,thyrsiflora,
Lysimachia vulgaris,Lysimachia,vulgaris,
Lythrum alatum,Lythrum,alatum,var. ?
Lythrum alatum var. alatum,Lythrum,alatum,var. alatum
Lythrum hyssopifolia,Lythrum,hyssopifolia,
Lythrum lineare,Lythrum,lineare,
Lythrum salicaria,Lythrum,salicaria,
Machaeranthera tanacetifolia,Machaeranthera,tanacetifolia,
Macleaya cordata,Macleaya,cordata,
Maclura pomifera,Maclura,pomifera,
Madia glomerata,Madia,glomerata,
Madia sativa,Madia,sativa,
Magnolia acuminata,Magnolia,acuminata,
Magnolia denudata × M. liliiflora = M. ×soulangeana,Magnolia,denudata × M. liliiflora = M. ×soulangeana,
Magnolia fraseri,Magnolia,fraseri,
Magnolia kobus,Magnolia,kobus,
Magnolia macrophylla,Magnolia,macrophylla,
Magnolia tripetala,Magnolia,tripetala,
Magnolia virginiana,Magnolia,virginiana,var. ?
Magnolia virginiana var. virginiana,Magnolia,virginiana,var. virginiana
Maianthemum canadense,Maianthemum,canadense,
Maianthemum racemosum,Maianthemum,racemosum,
Maianthemum stellatum,Maianthemum,stellatum,
Maianthemum trifolium,Maianthemum,trifolium,
Malaxis bayardii,Malaxis,bayardii,
Malaxis monophyllos,Malaxis,monophyllos,var. ?
Malaxis monophyllos var. brachypoda,Malaxis,monophyllos,var. brachypoda
Malaxis unifolia,Malaxis,unifolia,
Malus baccata,Malus,baccata,
Malus coronaria,Malus,coronaria,
Malus domestica,Malus,domestica,
Malus floribunda,Malus,floribunda,
Malus hupehensis,Malus,hupehensis,
Malus prunifolia,Malus,prunifolia,
Malus toringo,Malus,toringo,
Malva alcea,Malva,alcea,
Malva moschata,Malva,moschata,
Malva neglecta,Malva,neglecta,
Malva pusilla,Malva,pusilla,
Malva setigera,Malva,setigera,
Malva sylvestris,Malva,sylvestris,
Malva verticillata,Malva,verticillata,
Marrubium peregrinum,Marrubium,peregrinum,
Marrubium vulgare,Marrubium,vulgare,
Marsilea quadrifolia,Marsilea,quadrifolia,
Matricaria chamomilla,Matricaria,chamomilla,
Matricaria discoidea,Matricaria,discoidea,
Matteuccia struthiopteris,Matteuccia,struthiopteris,var. ?
Matteuccia struthiopteris var. pensylvanica,Matteuccia,struthiopteris,var. pensylvanica
Mazus miquelii,Mazus,miquelii,
Mazus pumilus,Mazus,pumilus,
Medeola virginiana,Medeola,virginiana,
Medicago arabica,Medicago,arabica,
Medicago falcata,Medicago,falcata,
Medicago falcata × M. sativa = M. ×varia,Medicago,falcata × M. sativa = M. ×varia,
Medicago lupulina,Medicago,lupulina,
Medicago minima,Medicago,minima,
Medicago polymorpha,Medicago,polymorpha,
Medicago sativa,Medicago,sativa,
Melampyrum lineare,Melampyrum,lineare,
Melanthium hybridum,Melanthium,hybridum,
Melanthium virginicum,Melanthium,virginicum,
Melilotus albus,Melilotus,albus,
Melilotus altissimus,Melilotus,altissimus,
Melilotus indicus,Melilotus,indicus,
Melilotus officinalis,Melilotus,officinalis,
Melissa officinalis,Melissa,officinalis,
Melochia corchorifolia,Melochia,corchorifolia,
Menispermum canadense,Menispermum,canadense,
Mentha aquatica,Mentha,aquatica,
Mentha aquatica,Mentha,aquatica,var. ?
Mentha aquatica var. aquatica,Mentha,aquatica,var. aquatica
Mentha aquatica var. citrata,Mentha,aquatica,var. citrata
Mentha aquatica × M. spicata = M. ×piperita,Mentha,aquatica × M. spicata = M. ×piperita,
Mentha arvensis,Mentha,arvensis,
Mentha arvensis × M. spicata = M. ×gracilis,Mentha,arvensis × M. spicata = M. ×gracilis,
Mentha canadensis,Mentha,canadensis,
Mentha longifolia,Mentha,longifolia,
Mentha longifolia × M. suaveolens = M. ×rotundifolia,Mentha,longifolia × M. suaveolens = M. ×rotundifolia,
Mentha pulegium,Mentha,pulegium,
Mentha spicata,Mentha,spicata,ssp. ?
Mentha spicata ssp. spicata,Mentha,spicata,ssp. spicata
Menyanthes trifoliata,Menyanthes,trifoliata,
Mercurialis annua,Mercurialis,annua,
Mercurialis perennis,Mercurialis,perennis,
Mertensia virginica,Mertensia,virginica,
Micranthemum micranthemoides,Micranthemum,micranthemoides,
Micranthes pensylvanica,Micranthes,pensylvanica,
Micranthes virginiensis,Micranthes,virginiensis,
Microstegium vimineum,Microstegium,vimineum,
Microsteris gracilis,Microsteris,gracilis,
Microsteris gracilis,Microsteris,gracilis,var. ?
Microsteris gracilis var. gracilis,Microsteris,gracilis,var. gracilis
Microsteris gracilis var. humilior,Microsteris,gracilis,var. humilior
Microthlaspi perfoliatum,Microthlaspi,perfoliatum,
Mikania scandens,Mikania,scandens,
Milium effusum,Milium,effusum,var. ?
Milium effusum var. cisatlanticum,Milium,effusum,var. cisatlanticum
Mimulus alatus,Mimulus,alatus,
Mimulus ringens,Mimulus,ringens,
Mirabilis albida,Mirabilis,albida,
Mirabilis jalapa,Mirabilis,jalapa,
Mirabilis linearis,Mirabilis,linearis,var. ?
Mirabilis linearis var. linearis,Mirabilis,linearis,var. linearis
Mirabilis nyctaginea,Mirabilis,nyctaginea,
Miscanthus sacchariflorus,Miscanthus,sacchariflorus,
Miscanthus sinensis,Miscanthus,sinensis,
Misopates orontium,Misopates,orontium,
Mitchella repens,Mitchella,repens,
Mitella diphylla,Mitella,diphylla,
Mitella diphylla × M. nuda = M. ×prostrata,Mitella,diphylla × M. nuda = M. ×prostrata,
Mitella nuda,Mitella,nuda,
Moehringia lateriflora,Moehringia,lateriflora,
Molinia caerulea,Molinia,caerulea,
Mollugo verticillata,Mollugo,verticillata,
Moluccella laevis,Moluccella,laevis,
Monarda clinopodia,Monarda,clinopodia,
Monarda didyma,Monarda,didyma,
Monarda fistulosa,Monarda,fistulosa,
Monarda fistulosa,Monarda,fistulosa,var. ?
Monarda fistulosa var. fistulosa,Monarda,fistulosa,var. fistulosa
Monarda fistulosa var. mollis,Monarda,fistulosa,var. mollis
Monarda fistulosa var. rubra,Monarda,fistulosa,var. rubra
Monarda media,Monarda,media,
Monarda punctata,Monarda,punctata,
Monarda punctata,Monarda,punctata,var. ?
Monarda punctata var. punctata,Monarda,punctata,var. punctata
Monarda punctata var. villicaulis,Monarda,punctata,var. villicaulis
Moneses uniflora,Moneses,uniflora,
Mononeuria caroliniana,Mononeuria,caroliniana,
Mononeuria glabra,Mononeuria,glabra,
Mononeuria groenlandica,Mononeuria,groenlandica,
Monotropa uniflora,Monotropa,uniflora,
Morella caroliniensis,Morella,caroliniensis,
Morus alba,Morus,alba,
Morus rubra,Morus,rubra,
Muhlenbergia asperifolia,Muhlenbergia,asperifolia,
Muhlenbergia capillaris,Muhlenbergia,capillaris,
Muhlenbergia frondosa,Muhlenbergia,frondosa,
Muhlenbergia frondosa × M. schreberi = M. ×curtisetosa,Muhlenbergia,frondosa × M. schreberi = M. ×curtisetosa,
Muhlenbergia glomerata,Muhlenbergia,glomerata,
Muhlenbergia mexicana,Muhlenbergia,mexicana,
Muhlenbergia schreberi,Muhlenbergia,schreberi,
Muhlenbergia sobolifera,Muhlenbergia,sobolifera,
Muhlenbergia sylvatica,Muhlenbergia,sylvatica,
Muhlenbergia tenuiflora,Muhlenbergia,tenuiflora,
Muhlenbergia uniflora,Muhlenbergia,uniflora,
Mummenhoffia alliacea,Mummenhoffia,alliacea,
Murdannia nudiflora,Murdannia,nudiflora,
Muscari botryoides,Muscari,botryoides,
Muscari neglectum,Muscari,neglectum,
Mycelis muralis,Mycelis,muralis,
Myosotis arvensis,Myosotis,arvensis,
Myosotis discolor,Myosotis,discolor,
Myosotis laxa,Myosotis,laxa,
Myosotis scorpioides,Myosotis,scorpioides,
Myosotis stricta,Myosotis,stricta,
Myosotis sylvatica,Myosotis,sylvatica,
Myosotis verna,Myosotis,verna,
Myosurus minimus,Myosurus,minimus,
Myrica gale,Myrica,gale,
Myriophyllum alterniflorum,Myriophyllum,alterniflorum,
Myriophyllum aquaticum,Myriophyllum,aquaticum,
Myriophyllum farwellii,Myriophyllum,farwellii,
Myriophyllum heterophyllum,Myriophyllum,heterophyllum,
Myriophyllum humile,Myriophyllum,humile,
Myriophyllum pinnatum,Myriophyllum,pinnatum,
Myriophyllum sibiricum,Myriophyllum,sibiricum,
Myriophyllum spicatum,Myriophyllum,spicatum,
Myriophyllum tenellum,Myriophyllum,tenellum,
Myriophyllum verticillatum,Myriophyllum,verticillatum,
Myriopteris lanosa,Myriopteris,lanosa,
Myrrhis odorata,Myrrhis,odorata,
Nabalus albus,Nabalus,albus,
Nabalus altissimus,Nabalus,altissimus,
Nabalus boottii,Nabalus,boottii,
Nabalus crepidineus,Nabalus,crepidineus,
Nabalus racemosus,Nabalus,racemosus,
Nabalus racemosus × N. trifoliolatus = N. ×mainensis,Nabalus,racemosus × N. trifoliolatus = N. ×mainensis,
Nabalus serpentarius,Nabalus,serpentarius,
Nabalus trifoliolatus,Nabalus,trifoliolatus,
Najas canadensis,Najas,canadensis,
Najas flexilis,Najas,flexilis,
Najas gracillima,Najas,gracillima,
Najas guadalupensis,Najas,guadalupensis,
Najas marina,Najas,marina,
Najas minor,Najas,minor,
Najas muenscheri,Najas,muenscheri,
Najas olivacea,Najas,olivacea,
Narcissus poeticus,Narcissus,poeticus,
Narcissus poeticus × N. pseudonarcissus = N. ×incomparabilis,Narcissus,poeticus × N. pseudonarcissus = N. ×incomparabilis,
Narcissus pseudonarcissus,Narcissus,pseudonarcissus,
Nardus stricta,Nardus,stricta,
Nassella viridula,Nassella,viridula,
Nasturtium microphyllum,Nasturtium,microphyllum,
Nasturtium microphyllum × N. officinale = N. ×sterile,Nasturtium,microphyllum × N. officinale = N. ×sterile,
Nasturtium officinale,Nasturtium,officinale,
Nelumbo lutea,Nelumbo,lutea,
Neottia auriculata,Neottia,auriculata,
Neottia bifolia,Neottia,bifolia,
Neottia convallarioides,Neottia,convallarioides,
Neottia cordata,Neottia,cordata,var. ?
Neottia cordata var. cordata,Neottia,cordata,var. cordata
Nepeta cataria,Nepeta,cataria,
Nepeta grandiflora,Nepeta,grandiflora,
Nepeta racemosa,Nepeta,racemosa,
Neslia paniculata,Neslia,paniculata,
Nicandra physalodes,Nicandra,physalodes,
Nicotiana acuminata,Nicotiana,acuminata,var. ?
Nicotiana acuminata var. multiflora,Nicotiana,acuminata,var. multiflora
Nicotiana alata,Nicotiana,alata,
Nicotiana rustica,Nicotiana,rustica,
Nicotiana sylvestris,Nicotiana,sylvestris,
Nicotiana tabacum,Nicotiana,tabacum,
Nigella damascena,Nigella,damascena,
Nipponanthemum nipponicum,Nipponanthemum,nipponicum,
Nonea lutea,Nonea,lutea,
Nuphar advena,Nuphar,advena,ssp. ?
Nuphar advena ssp. advena,Nuphar,advena,ssp. advena
Nuphar microphylla,Nuphar,microphylla,
Nuphar microphylla × N. variegata = N. ×rubrodisca,Nuphar,microphylla × N. variegata = N. ×rubrodisca,
Nuphar variegata,Nuphar,variegata,
Nymphaea odorata,Nymphaea,odorata,
Nymphaea odorata,Nymphaea,odorata,ssp. ?
Nymphaea odorata ssp. odorata,Nymphaea,odorata,ssp. odorata
Nymphaea odorata ssp. tuberosa,Nymphaea,odorata,ssp. tuberosa
Nymphoides cordata,Nymphoides,cordata,
Nymphoides peltata,Nymphoides,peltata,
Nyssa sylvatica,Nyssa,sylvatica,
Ocimum basilicum,Ocimum,basilicum,
Oclemena acuminata,Oclemena,acuminata,
Oclemena acuminata × O. nemoralis = O. ×blakei,Oclemena,acuminata × O. nemoralis = O. ×blakei,
Oclemena nemoralis,Oclemena,nemoralis,
Odontites vernus,Odontites,vernus,ssp. ?
Odontites vernus ssp. serotinus,Odontites,vernus,ssp. serotinus
Oenothera albicaulis,Oenothera,albicaulis,
Oenothera biennis,Oenothera,biennis,
Oenothera clelandii,Oenothera,clelandii,
Oenothera fruticosa,Oenothera,fruticosa,
Oenothera fruticosa,Oenothera,fruticosa,ssp. ?
Oenothera fruticosa ssp. fruticosa,Oenothera,fruticosa,ssp. fruticosa
Oenothera fruticosa ssp. tetragona,Oenothera,fruticosa,ssp. tetragona
Oenothera gaura,Oenothera,gaura,
Oenothera glazioviana,Oenothera,glazioviana,
Oenothera grandis,Oenothera,grandis,
Oenothera laciniata,Oenothera,laciniata,
Oenothera nutans,Oenothera,nutans,
Oenothera oakesiana,Oenothera,oakesiana,
Oenothera parviflora,Oenothera,parviflora,
Oenothera perennis,Oenothera,perennis,
Oenothera pilosella,Oenothera,pilosella,ssp. ?
Oenothera pilosella ssp. pilosella,Oenothera,pilosella,ssp. pilosella
Oenothera suffrutescens,Oenothera,suffrutescens,
Oenothera triloba,Oenothera,triloba,
Oenothera villosa,Oenothera,villosa,ssp. ?
Oenothera villosa ssp. villosa,Oenothera,villosa,ssp. villosa
Omalotheca sylvatica,Omalotheca,sylvatica,
Onobrychis viciifolia,Onobrychis,viciifolia,
Onoclea sensibilis,Onoclea,sensibilis,
Ononis repens,Ononis,repens,
Ononis spinosa,Ononis,spinosa,
Onopordum acanthium,Onopordum,acanthium,ssp. ?
Onopordum acanthium ssp. acanthium,Onopordum,acanthium,ssp. acanthium
Ophioglossum pusillum,Ophioglossum,pusillum,
Opuntia cespitosa,Opuntia,cespitosa,
Opuntia humifusa,Opuntia,humifusa,
Oreojuncus trifidus,Oreojuncus,trifidus,
Origanum vulgare,Origanum,vulgare,
Ornithogalum nutans,Ornithogalum,nutans,
Ornithogalum umbellatum,Ornithogalum,umbellatum,
Ornithopus sativus,Ornithopus,sativus,
Orobanche minor,Orobanche,minor,
Orontium aquaticum,Orontium,aquaticum,
Orthilia secunda,Orthilia,secunda,
Orthocarpus bracteosus,Orthocarpus,bracteosus,
Oryzopsis asperifolia,Oryzopsis,asperifolia,
Oshuna crassipes,Oshuna,crassipes,
Osmanthus heterophyllus,Osmanthus,heterophyllus,
Osmorhiza claytonii,Osmorhiza,claytonii,
Osmorhiza longistylis,Osmorhiza,longistylis,
Osmunda claytoniana,Osmunda,claytoniana,
Osmunda regalis,Osmunda,regalis,var. ?
Osmunda regalis var. spectabilis,Osmunda,regalis,var. spectabilis
Osmundastrum cinnamomeum,Osmundastrum,cinnamomeum,var. ?
Osmundastrum cinnamomeum var. cinnamomeum,Osmundastrum,cinnamomeum,var. cinnamomeum
Ostrya virginiana,Ostrya,virginiana,
Oxalis corniculata,Oxalis,corniculata,
Oxalis dillenii,Oxalis,dillenii,
Oxalis florida,Oxalis,florida,
Oxalis montana,Oxalis,montana,
Oxalis stricta,Oxalis,stricta,
Oxalis violacea,Oxalis,violacea,
Oxybasis chenopodioides,Oxybasis,chenopodioides,
Oxybasis glauca,Oxybasis,glauca,ssp. ?
Oxybasis glauca ssp. glauca,Oxybasis,glauca,ssp. glauca
Oxybasis rubra,Oxybasis,rubra,var. ?
Oxybasis rubra var. rubra,Oxybasis,rubra,var. rubra
Oxybasis urbica,Oxybasis,urbica,
Oxydendrum arboreum,Oxydendrum,arboreum,
Oxypolis rigidior,Oxypolis,rigidior,
Pachysandra terminalis,Pachysandra,terminalis,
Packera anonyma,Packera,anonyma,
Packera aurea,Packera,aurea,
Packera aurea × P. obovata,Packera,aurea × P. obovata,
Packera obovata,Packera,obovata,
Packera paupercula,Packera,paupercula,var. ?
Packera paupercula var. paupercula,Packera,paupercula,var. paupercula
Packera schweinitziana,Packera,schweinitziana,
Paeonia lactiflora,Paeonia,lactiflora,
Palustricodon aparinoides,Palustricodon,aparinoides,
Panax quinquefolius,Panax,quinquefolius,
Panax trifolius,Panax,trifolius,
Panicum amarum,Panicum,amarum,
Panicum amarum,Panicum,amarum,ssp. ?
Panicum amarum ssp. amarulum,Panicum,amarum,ssp. amarulum
Panicum amarum ssp. amarum,Panicum,amarum,ssp. amarum
Panicum capillare,Panicum,capillare,ssp. ?
Panicum capillare ssp. capillare,Panicum,capillare,ssp. capillare
Panicum dichotomiflorum,Panicum,dichotomiflorum,
Panicum dichotomiflorum,Panicum,dichotomiflorum,ssp. ?
Panicum dichotomiflorum ssp. dichotomiflorum,Panicum,dichotomiflorum,ssp. dichotomiflorum
Panicum dichotomiflorum ssp. puritanorum,Panicum,dichotomiflorum,ssp. puritanorum
Panicum flexile,Panicum,flexile,
Panicum miliaceum,Panicum,miliaceum,ssp. ?
Panicum miliaceum ssp. miliaceum,Panicum,miliaceum,ssp. miliaceum
Panicum philadelphicum,Panicum,philadelphicum,
Panicum philadelphicum,Panicum,philadelphicum,ssp. ?
Panicum philadelphicum ssp. gattingeri,Panicum,philadelphicum,ssp. gattingeri
Panicum philadelphicum ssp. philadelphicum,Panicum,philadelphicum,ssp. philadelphicum
Panicum tuckermanii,Panicum,tuckermanii,
Panicum virgatum,Panicum,virgatum,
Papaver argemone,Papaver,argemone,
Papaver dubium,Papaver,dubium,
Papaver orientale,Papaver,orientale,
Papaver rhoeas,Papaver,rhoeas,
Papaver somniferum,Papaver,somniferum,
Pappophorum pappiferum,Pappophorum,pappiferum,
Pappophorum vaginatum,Pappophorum,vaginatum,
Parietaria judaica,Parietaria,judaica,
Parietaria pensylvanica,Parietaria,pensylvanica,
Parnassia glauca,Parnassia,glauca,
Parnassia palustris,Parnassia,palustris,
Parogonum ciliinode,Parogonum,ciliinode,
Paronychia baldwinii,Paronychia,baldwinii,
Paronychia canadensis,Paronychia,canadensis,
Paronychia fastigiata,Paronychia,fastigiata,
Paronychia fastigiata,Paronychia,fastigiata,var. ?
Paronychia fastigiata var. fastigiata,Paronychia,fastigiata,var. fastigiata
Paronychia fastigiata var. nuttallii,Paronychia,fastigiata,var. nuttallii
Parthenium hysterophorus,Parthenium,hysterophorus,
Parthenium integrifolium,Parthenium,integrifolium,var. ?
Parthenium integrifolium var. integrifolium,Parthenium,integrifolium,var. integrifolium
Parthenocissus inserta,Parthenocissus,inserta,
Parthenocissus quinquefolia,Parthenocissus,quinquefolia,
Parthenocissus tricuspidata,Parthenocissus,tricuspidata,
Pascopyrum smithii,Pascopyrum,smithii,
Paspalum laeve,Paspalum,laeve,
Paspalum setaceum,Paspalum,setaceum,
Paspalum setaceum,Paspalum,setaceum,var. ?
Paspalum setaceum var. muhlenbergii,Paspalum,setaceum,var. muhlenbergii
Paspalum setaceum var. psammophilum,Paspalum,setaceum,var. psammophilum
Paspalum setaceum var. setaceum,Paspalum,setaceum,var. setaceum
Passiflora lutea,Passiflora,lutea,
Pastinaca sativa,Pastinaca,sativa,
Patis racemosa,Patis,racemosa,
Paulownia tomentosa,Paulownia,tomentosa,
Pedicularis canadensis,Pedicularis,canadensis,
Pedicularis lanceolata,Pedicularis,lanceolata,
Pellaea atropurpurea,Pellaea,atropurpurea,
Pellaea glabella,Pellaea,glabella,ssp. ?
Pellaea glabella ssp. glabella,Pellaea,glabella,ssp. glabella
Peltandra virginica,Peltandra,virginica,
Penstemon calycosus,Penstemon,calycosus,
Penstemon digitalis,Penstemon,digitalis,
Penstemon hirsutus,Penstemon,hirsutus,
Penstemon pallidus,Penstemon,pallidus,
Penstemon tubaeflorus,Penstemon,tubaeflorus,
Penthorum sedoides,Penthorum,sedoides,
Perilla frutescens,Perilla,frutescens,
Perilla frutescens,Perilla,frutescens,var. ?
Perilla frutescens var. crispa,Perilla,frutescens,var. crispa
Perilla frutescens var. frutescens,Perilla,frutescens,var. frutescens
Periploca graeca,Periploca,graeca,
Peritoma serrulata,Peritoma,serrulata,
Persea americana,Persea,americana,
Persicaria amphibia,Persicaria,amphibia,ssp. ?
Persicaria amphibia ssp. laevimarginata,Persicaria,amphibia,ssp. laevimarginata
Persicaria arifolia,Persicaria,arifolia,
Persicaria careyi,Persicaria,careyi,
Persicaria coccinea,Persicaria,coccinea,
Persicaria extremiorientalis,Persicaria,extremiorientalis,
Persicaria filiformis,Persicaria,filiformis,
Persicaria hydropiper,Persicaria,hydropiper,
Persicaria hydropiperoides,Persicaria,hydropiperoides,
Persicaria lapathifolia,Persicaria,lapathifolia,
Persicaria longiseta,Persicaria,longiseta,
Persicaria maculosa,Persicaria,maculosa,
Persicaria minor,Persicaria,minor,
Persicaria nepalensis,Persicaria,nepalensis,
Persicaria orientalis,Persicaria,orientalis,
Persicaria pensylvanica,Persicaria,pensylvanica,
Persicaria perfoliata,Persicaria,perfoliata,
Persicaria punctata,Persicaria,punctata,
Persicaria robustior,Persicaria,robustior,
Persicaria sagittata,Persicaria,sagittata,
Persicaria setacea,Persicaria,setacea,
Persicaria virginiana,Persicaria,virginiana,
Petasites frigidus,Petasites,frigidus,var. ?
Petasites frigidus var. palmatus,Petasites,frigidus,var. palmatus
Petasites hybridus,Petasites,hybridus,
Petrorhagia prolifera,Petrorhagia,prolifera,
Petrorhagia saxifraga,Petrorhagia,saxifraga,var. ?
Petrorhagia saxifraga var. saxifraga,Petrorhagia,saxifraga,var. saxifraga
Petrosedum forsterianum × P. thartii,Petrosedum,forsterianum × P. thartii,
Petroselinum crispum,Petroselinum,crispum,
Petunia axillaris,Petunia,axillaris,
Petunia axillaris × P. integrifolia = P. ×atkinsiana,Petunia,axillaris × P. integrifolia = P. ×atkinsiana,
Petunia integrifolia,Petunia,integrifolia,
Peucedanum ostruthium,Peucedanum,ostruthium,
Phacelia campanularia,Phacelia,campanularia,
Phacelia ciliata,Phacelia,ciliata,
Phacelia dubia,Phacelia,dubia,var. ?
Phacelia dubia var. dubia,Phacelia,dubia,var. dubia
Phalaris arundinacea,Phalaris,arundinacea,
Phalaris canariensis,Phalaris,canariensis,
Phaseolus polystachios,Phaseolus,polystachios,
Phaseolus vulgaris,Phaseolus,vulgaris,
Phedimus spurius,Phedimus,spurius,
Phegopteris connectilis,Phegopteris,connectilis,
Phegopteris excelsior,Phegopteris,excelsior,
Phegopteris hexagonoptera,Phegopteris,hexagonoptera,
Phellodendron amurense,Phellodendron,amurense,
Philadelphus coronarius,Philadelphus,coronarius,
Philadelphus inodorus,Philadelphus,inodorus,
Philadelphus pubescens,Philadelphus,pubescens,
Phleum arenarium,Phleum,arenarium,
Phleum paniculatum,Phleum,paniculatum,
Phleum pratense,Phleum,pratense,ssp. ?
Phleum pratense ssp. pratense,Phleum,pratense,ssp. pratense
Phlomis tuberosa,Phlomis,tuberosa,
Phlox divaricata,Phlox,divaricata,ssp. ?
Phlox divaricata ssp. divaricata,Phlox,divaricata,ssp. divaricata
Phlox maculata,Phlox,maculata,ssp. ?
Phlox maculata ssp. maculata,Phlox,maculata,ssp. maculata
Phlox paniculata,Phlox,paniculata,
Phlox pilosa,Phlox,pilosa,ssp. ?
Phlox pilosa ssp. pilosa,Phlox,pilosa,ssp. pilosa
Phlox stolonifera,Phlox,stolonifera,
Phlox subulata,Phlox,subulata,ssp. ?
Phlox subulata ssp. subulata,Phlox,subulata,ssp. subulata
Phoradendron leucarpum,Phoradendron,leucarpum,
Phragmites americanus,Phragmites,americanus,
Phragmites americanus × P. australis,Phragmites,americanus × P. australis,
Phragmites australis,Phragmites,australis,
Phryma leptostachya,Phryma,leptostachya,
Phyla lanceolata,Phyla,lanceolata,
Phyllanthus urinaria,Phyllanthus,urinaria,ssp. ?
Phyllanthus urinaria ssp. urinaria,Phyllanthus,urinaria,ssp. urinaria
Physalis grisea,Physalis,grisea,
Physalis heterophylla,Physalis,heterophylla,
Physalis longifolia,Physalis,longifolia,var. ?
Physalis longifolia var. subglabrata,Physalis,longifolia,var. subglabrata
Physalis philadelphica,Physalis,philadelphica,
Physalis virginiana,Physalis,virginiana,var. ?
Physalis virginiana var. virginiana,Physalis,virginiana,var. virginiana
Physocarpus opulifolius,Physocarpus,opulifolius,
Physostegia virginiana,Physostegia,virginiana,ssp. ?
Physostegia virginiana ssp. virginiana,Physostegia,virginiana,ssp. virginiana
Phytolacca americana,Phytolacca,americana,var. ?
Phytolacca americana var. americana,Phytolacca,americana,var. americana
Picea abies,Picea,abies,
Picea glauca,Picea,glauca,
Picea mariana,Picea,mariana,
Picea pungens,Picea,pungens,
Picea rubens,Picea,rubens,
Picris hieracioides,Picris,hieracioides,
Pilea fontana,Pilea,fontana,
Pilea pumila,Pilea,pumila,var. ?
Pilea pumila var. pumila,Pilea,pumila,var. pumila
Pilosella aurantiaca,Pilosella,aurantiaca,
Pilosella aurantiaca × P. caespitosa = P. ×fuscoatra,Pilosella,aurantiaca × P. caespitosa = P. ×fuscoatra,
Pilosella caespitosa,Pilosella,caespitosa,
Pilosella caespitosa × P. lactucella = P. ×floribunda,Pilosella,caespitosa × P. lactucella = P. ×floribunda,
Pilosella flagellaris,Pilosella,flagellaris,
Pilosella lactucella,Pilosella,lactucella,
Pilosella officinarum,Pilosella,officinarum,
Pilosella officinarum × P. piloselloides = P. ×acutifolia,Pilosella,officinarum × P. piloselloides = P. ×acutifolia,
Pilosella piloselloides,Pilosella,piloselloides,
Pimpinella major,Pimpinella,major,
Pimpinella saxifraga,Pimpinella,saxifraga,
Pinellia ternata,Pinellia,ternata,
Pinguicula vulgaris,Pinguicula,vulgaris,
Pinus banksiana,Pinus,banksiana,
Pinus echinata,Pinus,echinata,
Pinus nigra,Pinus,nigra,
Pinus resinosa,Pinus,resinosa,
Pinus rigida,Pinus,rigida,
Pinus strobus,Pinus,strobus,
Pinus sylvestris,Pinus,sylvestris,
Pinus thunbergii,Pinus,thunbergii,
Pinus virginiana,Pinus,virginiana,
Piptatheropsis canadensis,Piptatheropsis,canadensis,
Piptatheropsis pungens,Piptatheropsis,pungens,
Piptochaetium avenaceum,Piptochaetium,avenaceum,
Pistia stratiotes,Pistia,stratiotes,
Pisum sativum,Pisum,sativum,
Pityopsis falcata,Pityopsis,falcata,
Plagiobothrys greenei,Plagiobothrys,greenei,
Plagiobothrys trachycarpus,Plagiobothrys,trachycarpus,
Plantago arenaria,Plantago,arenaria,
Plantago aristata,Plantago,aristata,
Plantago cordata,Plantago,cordata,
Plantago coronopus,Plantago,coronopus,
Plantago heterophylla,Plantago,heterophylla,
Plantago lanceolata,Plantago,lanceolata,
Plantago major,Plantago,major,
Plantago maritima,Plantago,maritima,var. ?
Plantago maritima var. juncoides,Plantago,maritima,var. juncoides
Plantago media,Plantago,media,
Plantago patagonica,Plantago,patagonica,
Plantago pusilla,Plantago,pusilla,
Plantago rugelii,Plantago,rugelii,
Plantago virginica,Plantago,virginica,
Platanthera aquilonis,Platanthera,aquilonis,
Platanthera blephariglottis,Platanthera,blephariglottis,var. ?
Platanthera blephariglottis var. blephariglottis,Platanthera,blephariglottis,var. blephariglottis
Platanthera blephariglottis × P. ciliaris = P. ×bicolor,Platanthera,blephariglottis × P. ciliaris = P. ×bicolor,
Platanthera ciliaris,Platanthera,ciliaris,
Platanthera clavellata,Platanthera,clavellata,
Platanthera cristata,Platanthera,cristata,
Platanthera dilatata,Platanthera,dilatata,var. ?
Platanthera dilatata var. dilatata,Platanthera,dilatata,var. dilatata
Platanthera flava,Platanthera,flava,var. ?
Platanthera flava var. herbiola,Platanthera,flava,var. herbiola
Platanthera grandiflora,Platanthera,grandiflora,
Platanthera hookeri,Platanthera,hookeri,
Platanthera huronensis,Platanthera,huronensis,
Platanthera lacera,Platanthera,lacera,
Platanthera lacera × P. psycodes = P. ×andrewsii,Platanthera,lacera × P. psycodes = P. ×andrewsii,
Platanthera leucophaea,Platanthera,leucophaea,
Platanthera macrophylla,Platanthera,macrophylla,
Platanthera obtusata,Platanthera,obtusata,
Platanthera orbiculata,Platanthera,orbiculata,
Platanthera psycodes,Platanthera,psycodes,
Platanus occidentalis,Platanus,occidentalis,
Pleioblastus sp.,Pleioblastus,sp.,
Pluchea odorata,Pluchea,odorata,
Poa alsodes,Poa,alsodes,
Poa annua,Poa,annua,
Poa arida,Poa,arida,
Poa bulbosa,Poa,bulbosa,ssp. ?
Poa bulbosa ssp. vivipara,Poa,bulbosa,ssp. vivipara
Poa compressa,Poa,compressa,
Poa cuspidata,Poa,cuspidata,
Poa flexuosa,Poa,flexuosa,ssp. ?
Poa flexuosa ssp. fernaldiana,Poa,flexuosa,ssp. fernaldiana
Poa glauca,Poa,glauca,ssp. ?
Poa glauca ssp. glauca,Poa,glauca,ssp. glauca
Poa nemoralis,Poa,nemoralis,
Poa paludigena,Poa,paludigena,
Poa palustris,Poa,palustris,
Poa pratensis,Poa,pratensis,
Poa pratensis,Poa,pratensis,ssp. ?
Poa pratensis ssp. angustifolia,Poa,pratensis,ssp. angustifolia
Poa pratensis ssp. pratensis,Poa,pratensis,ssp. pratensis
Poa saltuensis,Poa,saltuensis,
Poa saltuensis,Poa,saltuensis,ssp. ?
Poa saltuensis ssp. languida,Poa,saltuensis,ssp. languida
Poa saltuensis ssp. saltuensis,Poa,saltuensis,ssp. saltuensis
Poa sylvestris,Poa,sylvestris,
Poa trivialis,Poa,trivialis,ssp. ?
Poa trivialis ssp. trivialis,Poa,trivialis,ssp. trivialis
Podophyllum peltatum,Podophyllum,peltatum,
Podostemum ceratophyllum,Podostemum,ceratophyllum,
Pogonia ophioglossoides,Pogonia,ophioglossoides,
Polanisia dodecandra,Polanisia,dodecandra,
Polanisia dodecandra,Polanisia,dodecandra,ssp. ?
Polanisia dodecandra ssp. dodecandra,Polanisia,dodecandra,ssp. dodecandra
Polanisia dodecandra ssp. trachysperma,Polanisia,dodecandra,ssp. trachysperma
Polemonium reptans,Polemonium,reptans,var. ?
Polemonium reptans var. reptans,Polemonium,reptans,var. reptans
Polemonium vanbruntiae,Polemonium,vanbruntiae,
Polycnemum majus,Polycnemum,majus,
Polygala brevifolia,Polygala,brevifolia,
Polygala cruciata,Polygala,cruciata,
Polygala incarnata,Polygala,incarnata,
Polygala lutea,Polygala,lutea,
Polygala mariana,Polygala,mariana,
Polygala nuttallii,Polygala,nuttallii,
Polygala polygama,Polygala,polygama,
Polygala sanguinea,Polygala,sanguinea,
Polygala senega,Polygala,senega,
Polygala verticillata,Polygala,verticillata,
Polygaloides paucifolia,Polygaloides,paucifolia,
Polygonatum biflorum,Polygonatum,biflorum,
Polygonatum biflorum,Polygonatum,biflorum,var. ?
Polygonatum biflorum var. biflorum,Polygonatum,biflorum,var. biflorum
Polygonatum biflorum var. commutatum,Polygonatum,biflorum,var. commutatum
Polygonatum pubescens,Polygonatum,pubescens,
Polygonum achoreum,Polygonum,achoreum,
Polygonum articulatum,Polygonum,articulatum,
Polygonum aviculare,Polygonum,aviculare,
Polygonum aviculare,Polygonum,aviculare,ssp. ?
Polygonum aviculare ssp. aviculare,Polygonum,aviculare,ssp. aviculare
Polygonum aviculare ssp. depressum,Polygonum,aviculare,ssp. depressum
Polygonum aviculare ssp. neglectum,Polygonum,aviculare,ssp. neglectum
Polygonum buxiforme,Polygonum,buxiforme,
Polygonum douglasii,Polygonum,douglasii,
Polygonum erectum,Polygonum,erectum,
Polygonum glaucum,Polygonum,glaucum,
Polygonum polycnemoides,Polygonum,polycnemoides,
Polygonum ramosissimum,Polygonum,ramosissimum,
Polygonum ramosissimum,Polygonum,ramosissimum,ssp. ?
Polygonum ramosissimum ssp. prolificum,Polygonum,ramosissimum,ssp. prolificum
Polygonum ramosissimum ssp. ramosissimum,Polygonum,ramosissimum,ssp. ramosissimum
Polygonum tenue,Polygonum,tenue,
Polymnia canadensis,Polymnia,canadensis,
Polypodium appalachianum,Polypodium,appalachianum,
Polypodium appalachianum × P. virginianum = P. ×incognitum,Polypodium,appalachianum × P. virginianum = P. ×incognitum,
Polypodium virginianum,Polypodium,virginianum,
Polypogon interruptus,Polypogon,interruptus,
Polypogon monspeliensis,Polypogon,monspeliensis,
Polystichum acrostichoides,Polystichum,acrostichoides,
Polystichum acrostichoides × P. braunii = P. ×potteri,Polystichum,acrostichoides × P. braunii = P. ×potteri,
Polystichum braunii,Polystichum,braunii,
Polystichum lonchitis,Polystichum,lonchitis,
Pontederia cordata,Pontederia,cordata,
Populus alba,Populus,alba,
Populus alba × P. grandidentata = P. ×rouleauiana,Populus,alba × P. grandidentata = P. ×rouleauiana,
Populus alba × P. tremula = P. ×canescens,Populus,alba × P. tremula = P. ×canescens,
Populus alba × P. tremuloides = P. ×heimburgeri,Populus,alba × P. tremuloides = P. ×heimburgeri,
Populus balsamifera,Populus,balsamifera,
Populus balsamifera × P. deltoides = P. ×jackii,Populus,balsamifera × P. deltoides = P. ×jackii,
Populus deltoides,Populus,deltoides,
Populus deltoides,Populus,deltoides,ssp. ?
Populus deltoides ssp. deltoides,Populus,deltoides,ssp. deltoides
Populus deltoides ssp. monilifera,Populus,deltoides,ssp. monilifera
Populus deltoides × P. nigra = P. ×canadensis,Populus,deltoides × P. nigra = P. ×canadensis,
Populus grandidentata,Populus,grandidentata,
Populus grandidentata × P. tremuloides = P. ×smithii,Populus,grandidentata × P. tremuloides = P. ×smithii,
Populus heterophylla,Populus,heterophylla,
Populus nigra,Populus,nigra,
Populus tremuloides,Populus,tremuloides,
Portulaca grandiflora,Portulaca,grandiflora,
Portulaca oleracea,Portulaca,oleracea,
Potamogeton alpinus,Potamogeton,alpinus,
Potamogeton alpinus × P. nodosus = P. ×subobtusus,Potamogeton,alpinus × P. nodosus = P. ×subobtusus,
Potamogeton amplifolius,Potamogeton,amplifolius,
Potamogeton amplifolius × P. praelongus,Potamogeton,amplifolius × P. praelongus,
Potamogeton amplifolius × P. richardsonii,Potamogeton,amplifolius × P. richardsonii,
Potamogeton berchtoldii,Potamogeton,berchtoldii,
Potamogeton bicupulatus,Potamogeton,bicupulatus,
Potamogeton confervoides,Potamogeton,confervoides,
Potamogeton crispus,Potamogeton,crispus,
Potamogeton diversifolius,Potamogeton,diversifolius,
Potamogeton epihydrus,Potamogeton,epihydrus,
Potamogeton foliosus,Potamogeton,foliosus,ssp. ?
Potamogeton foliosus ssp. foliosus,Potamogeton,foliosus,ssp. foliosus
Potamogeton friesii,Potamogeton,friesii,
Potamogeton gramineus,Potamogeton,gramineus,
Potamogeton gramineus × P. illinoensis = P. ×spathuliformis,Potamogeton,gramineus × P. illinoensis = P. ×spathuliformis,
Potamogeton gramineus × P. nodosus = P. ×lanceolatifolius,Potamogeton,gramineus × P. nodosus = P. ×lanceolatifolius,
Potamogeton gramineus × P. perfoliatus = P. ×nitens,Potamogeton,gramineus × P. perfoliatus = P. ×nitens,
Potamogeton hillii,Potamogeton,hillii,
Potamogeton hillii × P. zosteriformis = P. ×ogdenii,Potamogeton,hillii × P. zosteriformis = P. ×ogdenii,
Potamogeton illinoensis,Potamogeton,illinoensis,
Potamogeton illinoensis × P. nodosus = P. ×faxonii,Potamogeton,illinoensis × P. nodosus = P. ×faxonii,
Potamogeton illinoensis × P. perfoliatus,Potamogeton,illinoensis × P. perfoliatus,
Potamogeton natans,Potamogeton,natans,
Potamogeton nodosus,Potamogeton,nodosus,
Potamogeton oakesianus,Potamogeton,oakesianus,
Potamogeton obtusifolius,Potamogeton,obtusifolius,
Potamogeton perfoliatus,Potamogeton,perfoliatus,
Potamogeton praelongus,Potamogeton,praelongus,
Potamogeton pulcher,Potamogeton,pulcher,
Potamogeton pusillus,Potamogeton,pusillus,
Potamogeton richardsonii,Potamogeton,richardsonii,
Potamogeton robbinsii,Potamogeton,robbinsii,
Potamogeton spirillus,Potamogeton,spirillus,
Potamogeton strictifolius,Potamogeton,strictifolius,
Potamogeton vaseyi,Potamogeton,vaseyi,
Potamogeton zosteriformis,Potamogeton,zosteriformis,
Potentilla anglica,Potentilla,anglica,
Potentilla anserina,Potentilla,anserina,
Potentilla anserina,Potentilla,anserina,ssp. ?
Potentilla anserina ssp. anserina,Potentilla,anserina,ssp. anserina
Potentilla anserina ssp. pacifica,Potentilla,anserina,ssp. pacifica
Potentilla argentea,Potentilla,argentea,
Potentilla canadensis,Potentilla,canadensis,
Potentilla inclinata,Potentilla,inclinata,
Potentilla indica,Potentilla,indica,
Potentilla intermedia,Potentilla,intermedia,
Potentilla norvegica,Potentilla,norvegica,
Potentilla recta,Potentilla,recta,
Potentilla reptans,Potentilla,reptans,
Potentilla simplex,Potentilla,simplex,
Potentilla supina,Potentilla,supina,ssp. ?
Potentilla supina ssp. paradoxa,Potentilla,supina,ssp. paradoxa
Poteridium annuum,Poteridium,annuum,
Poterium sanguisorba,Poterium,sanguisorba,ssp. ?
Poterium sanguisorba ssp. balearicum,Poterium,sanguisorba,ssp. balearicum
Pourthiaea villosa,Pourthiaea,villosa,
Primula japonica,Primula,japonica,
Primula meadia,Primula,meadia,
Primula mistassinica,Primula,mistassinica,
Primula veris,Primula,veris,
Proboscidea louisianica,Proboscidea,louisianica,ssp. ?
Proboscidea louisianica ssp. louisianica,Proboscidea,louisianica,ssp. louisianica
Prosartes lanuginosa,Prosartes,lanuginosa,
Proserpinaca palustris,Proserpinaca,palustris,
Proserpinaca pectinata,Proserpinaca,pectinata,
Prunella laciniata,Prunella,laciniata,
Prunella vulgaris,Prunella,vulgaris,
Prunella vulgaris,Prunella,vulgaris,ssp. ?
Prunella vulgaris ssp. lanceolata,Prunella,vulgaris,ssp. lanceolata
Prunella vulgaris ssp. vulgaris,Prunella,vulgaris,ssp. vulgaris
Prunus americana,Prunus,americana,
Prunus avium,Prunus,avium,
Prunus cerasifera,Prunus,cerasifera,
Prunus cerasus,Prunus,cerasus,
Prunus domestica,Prunus,domestica,
Prunus fruticosa,Prunus,fruticosa,
Prunus incisa,Prunus,incisa,
Prunus mahaleb,Prunus,mahaleb,
Prunus maritima,Prunus,maritima,
Prunus nigra,Prunus,nigra,
Prunus padus,Prunus,padus,
Prunus pensylvanica,Prunus,pensylvanica,
Prunus persica,Prunus,persica,
Prunus pumila,Prunus,pumila,
Prunus pumila,Prunus,pumila,var. ?
Prunus pumila var. depressa,Prunus,pumila,var. depressa
Prunus pumila var. pumila,Prunus,pumila,var. pumila
Prunus sargentii,Prunus,sargentii,
Prunus serotina,Prunus,serotina,var. ?
Prunus serotina var. serotina,Prunus,serotina,var. serotina
Prunus speciosa,Prunus,speciosa,
Prunus spinosa,Prunus,spinosa,
Prunus subhirtella,Prunus,subhirtella,
Prunus susquehanae,Prunus,susquehanae,
Prunus tomentosa,Prunus,tomentosa,
Prunus virginiana,Prunus,virginiana,var. ?
Prunus virginiana var. virginiana,Prunus,virginiana,var. virginiana
Psammophiliella muralis,Psammophiliella,muralis,
Pseudofumaria lutea,Pseudofumaria,lutea,
Pseudognaphalium luteoalbum,Pseudognaphalium,luteoalbum,
Pseudognaphalium macounii,Pseudognaphalium,macounii,
Pseudognaphalium micradenium,Pseudognaphalium,micradenium,
Pseudognaphalium obtusifolium,Pseudognaphalium,obtusifolium,
Pseudognaphalium stramineum,Pseudognaphalium,stramineum,
Pseudolycopodiella caroliniana,Pseudolycopodiella,caroliniana,
Pseudotsuga menziesii,Pseudotsuga,menziesii,ssp. ?
Pseudotsuga menziesii ssp. glauca,Pseudotsuga,menziesii,ssp. glauca
Psylliostachys suworowii,Psylliostachys,suworowii,
Ptelea trifoliata,Ptelea,trifoliata,var. ?
Ptelea trifoliata var. trifoliata,Ptelea,trifoliata,var. trifoliata
Pteridium aquilinum,Pteridium,aquilinum,
Pteridium aquilinum,Pteridium,aquilinum,ssp. ?
Pteridium aquilinum ssp. latiusculum,Pteridium,aquilinum,ssp. latiusculum
Pteridium aquilinum ssp. pseudocaudatum,Pteridium,aquilinum,ssp. pseudocaudatum
Pterospora andromedea,Pterospora,andromedea,
Ptilimnium capillaceum,Ptilimnium,capillaceum,
Puccinellia distans,Puccinellia,distans,
Puccinellia fasciculata,Puccinellia,fasciculata,
Puccinellia nuttalliana,Puccinellia,nuttalliana,
Puccinellia rupestris,Puccinellia,rupestris,
Pueraria montana,Pueraria,montana,var. ?
Pueraria montana var. lobata,Pueraria,montana,var. lobata
Pulicaria dysenterica,Pulicaria,dysenterica,
Pulmonaria officinalis,Pulmonaria,officinalis,
Pulmonaria saccharata,Pulmonaria,saccharata,
Pycnanthemum clinopodioides,Pycnanthemum,clinopodioides,
Pycnanthemum incanum,Pycnanthemum,incanum,var. ?
Pycnanthemum incanum var. incanum,Pycnanthemum,incanum,var. incanum
Pycnanthemum muticum,Pycnanthemum,muticum,
Pycnanthemum tenuifolium,Pycnanthemum,tenuifolium,
Pycnanthemum torreyi,Pycnanthemum,torreyi,
Pycnanthemum verticillatum,Pycnanthemum,verticillatum,
Pycnanthemum verticillatum,Pycnanthemum,verticillatum,var. ?
Pycnanthemum verticillatum var. pilosum,Pycnanthemum,verticillatum,var. pilosum
Pycnanthemum verticillatum var. verticillatum,Pycnanthemum,verticillatum,var. verticillatum
Pycnanthemum virginianum,Pycnanthemum,virginianum,
Pyracantha coccinea,Pyracantha,coccinea,
Pyrola americana,Pyrola,americana,
Pyrola asarifolia,Pyrola,asarifolia,ssp. ?
Pyrola asarifolia ssp. asarifolia,Pyrola,asarifolia,ssp. asarifolia
Pyrola chlorantha,Pyrola,chlorantha,
Pyrola elliptica,Pyrola,elliptica,
Pyrola minor,Pyrola,minor,
Pyrularia pubera,Pyrularia,pubera,
Pyrus calleryana,Pyrus,calleryana,
Pyrus communis,Pyrus,communis,
Pyxidanthera barbulata,Pyxidanthera,barbulata,
Quercus alba,Quercus,alba,
Quercus alba × Q. bicolor = Q. ×jackiana,Quercus,alba × Q. bicolor = Q. ×jackiana,
Quercus alba × Q. montana = Q. ×saulii,Quercus,alba × Q. montana = Q. ×saulii,
Quercus alba × Q. prinoides = Q. ×faxonii,Quercus,alba × Q. prinoides = Q. ×faxonii,
Quercus alba × Q. stellata = Q. ×fernowii,Quercus,alba × Q. stellata = Q. ×fernowii,
Quercus bicolor,Quercus,bicolor,
Quercus bicolor × Q. macrocarpa = Q. ×schuettei,Quercus,bicolor × Q. macrocarpa = Q. ×schuettei,
Quercus cerris,Quercus,cerris,
Quercus coccinea,Quercus,coccinea,
Quercus coccinea × Q. velutina = Q. ×fontana,Quercus,coccinea × Q. velutina = Q. ×fontana,
Quercus ilicifolia,Quercus,ilicifolia,
Quercus ilicifolia × Q. marilandica = Q. ×brittonii,Quercus,ilicifolia × Q. marilandica = Q. ×brittonii,
Quercus imbricaria,Quercus,imbricaria,
Quercus macrocarpa,Quercus,macrocarpa,
Quercus marilandica,Quercus,marilandica,var. ?
Quercus marilandica var. marilandica,Quercus,marilandica,var. marilandica
Quercus marilandica × Q. phellos = Q. ×rudkinii,Quercus,marilandica × Q. phellos = Q. ×rudkinii,
Quercus marilandica × Q. velutina = Q. ×bushii,Quercus,marilandica × Q. velutina = Q. ×bushii,
Quercus montana,Quercus,montana,
Quercus muehlenbergii,Quercus,muehlenbergii,
Quercus palustris,Quercus,palustris,
Quercus phellos,Quercus,phellos,
Quercus phellos × Q. rubra = Q. ×heterophylla,Quercus,phellos × Q. rubra = Q. ×heterophylla,
Quercus phellos × Q. velutina = Q. ×filialis,Quercus,phellos × Q. velutina = Q. ×filialis,
Quercus prinoides,Quercus,prinoides,
Quercus robur,Quercus,robur,
Quercus rubra,Quercus,rubra,
Quercus rubra × Q. velutina = Q. ×hawkinsiae,Quercus,rubra × Q. velutina = Q. ×hawkinsiae,
Quercus shumardii,Quercus,shumardii,
Quercus stellata,Quercus,stellata,
Quercus velutina,Quercus,velutina,
Rabelera holostea,Rabelera,holostea,
Ranunculus abortivus,Ranunculus,abortivus,
Ranunculus acris,Ranunculus,acris,
Ranunculus allegheniensis,Ranunculus,allegheniensis,
Ranunculus ambigens,Ranunculus,ambigens,
Ranunculus arvensis,Ranunculus,arvensis,
Ranunculus bulbosus,Ranunculus,bulbosus,
Ranunculus caricetorum,Ranunculus,caricetorum,
Ranunculus cymbalaria,Ranunculus,cymbalaria,
Ranunculus fascicularis,Ranunculus,fascicularis,
Ranunculus flabellaris,Ranunculus,flabellaris,
Ranunculus flammula,Ranunculus,flammula,
Ranunculus flammula,Ranunculus,flammula,var. ?
Ranunculus flammula var. ovalis,Ranunculus,flammula,var. ovalis
Ranunculus flammula var. reptans,Ranunculus,flammula,var. reptans
Ranunculus hispidus,Ranunculus,hispidus,
Ranunculus longirostris,Ranunculus,longirostris,
Ranunculus micranthus,Ranunculus,micranthus,
Ranunculus muricatus,Ranunculus,muricatus,
Ranunculus pensylvanicus,Ranunculus,pensylvanicus,
Ranunculus pusillus,Ranunculus,pusillus,
Ranunculus recurvatus,Ranunculus,recurvatus,var. ?
Ranunculus recurvatus var. recurvatus,Ranunculus,recurvatus,var. recurvatus
Ranunculus repens,Ranunculus,repens,
Ranunculus rhomboideus,Ranunculus,rhomboideus,
Ranunculus sardous,Ranunculus,sardous,
Ranunculus sceleratus,Ranunculus,sceleratus,var. ?
Ranunculus sceleratus var. sceleratus,Ranunculus,sceleratus,var. sceleratus
Ranunculus septentrionalis,Ranunculus,septentrionalis,
Ranunculus trichophyllus,Ranunculus,trichophyllus,
Raphanus raphanistrum,Raphanus,raphanistrum,ssp. ?
Raphanus raphanistrum ssp. raphanistrum,Raphanus,raphanistrum,ssp. raphanistrum
Raphanus sativus,Raphanus,sativus,
Rapistrum rugosum,Rapistrum,rugosum,
Ratibida columnifera,Ratibida,columnifera,
Ratibida pinnata,Ratibida,pinnata,
Reseda alba,Reseda,alba,
Reseda lutea,Reseda,lutea,
Reseda luteola,Reseda,luteola,
Reseda odorata,Reseda,odorata,
Reynoutria japonica,Reynoutria,japonica,var. ?
Reynoutria japonica var. japonica,Reynoutria,japonica,var. japonica
Reynoutria japonica × R. sachalinensis = R. ×bohemica,Reynoutria,japonica × R. sachalinensis = R. ×bohemica,
Reynoutria sachalinensis,Reynoutria,sachalinensis,
Rhamnus alnifolia,Rhamnus,alnifolia,
Rhamnus cathartica,Rhamnus,cathartica,
Rheum rhabarbarum,Rheum,rhabarbarum,
Rhexia mariana,Rhexia,mariana,var. ?
Rhexia mariana var. mariana,Rhexia,mariana,var. mariana
Rhexia virginica,Rhexia,virginica,
Rhinanthus major,Rhinanthus,major,
Rhinanthus minor,Rhinanthus,minor,
Rhinanthus minor,Rhinanthus,minor,ssp. ?
Rhinanthus minor ssp. groenlandicus,Rhinanthus,minor,ssp. groenlandicus
Rhinanthus minor ssp. minor,Rhinanthus,minor,ssp. minor
Rhodiola integrifolia,Rhodiola,integrifolia,ssp. ?
Rhodiola integrifolia ssp. leedyi,Rhodiola,integrifolia,ssp. leedyi
Rhodiola rosea,Rhodiola,rosea,
Rhododendron calendulaceum,Rhododendron,calendulaceum,
Rhododendron canadense,Rhododendron,canadense,
Rhododendron groenlandicum,Rhododendron,groenlandicum,
Rhododendron lapponicum,Rhododendron,lapponicum,
Rhododendron maximum,Rhododendron,maximum,
Rhododendron periclymenoides,Rhododendron,periclymenoides,
Rhododendron prinophyllum,Rhododendron,prinophyllum,
Rhododendron viscosum,Rhododendron,viscosum,
Rhodotypos scandens,Rhodotypos,scandens,
Rhus aromatica,Rhus,aromatica,var. ?
Rhus aromatica var. aromatica,Rhus,aromatica,var. aromatica
Rhus copallinum,Rhus,copallinum,
Rhus copallinum,Rhus,copallinum,var. ?
Rhus copallinum var. copallinum,Rhus,copallinum,var. copallinum
Rhus copallinum var. latifolia,Rhus,copallinum,var. latifolia
Rhus glabra,Rhus,glabra,
Rhus glabra × R. typhina = R. ×borealis,Rhus,glabra × R. typhina = R. ×borealis,
Rhus typhina,Rhus,typhina,
Rhynchospora alba,Rhynchospora,alba,
Rhynchospora capillacea,Rhynchospora,capillacea,
Rhynchospora capitellata,Rhynchospora,capitellata,
Rhynchospora cephalantha,Rhynchospora,cephalantha,
Rhynchospora chalarocephala,Rhynchospora,chalarocephala,
Rhynchospora fusca,Rhynchospora,fusca,
Rhynchospora inundata,Rhynchospora,inundata,
Rhynchospora macrostachya,Rhynchospora,macrostachya,
Rhynchospora nitens,Rhynchospora,nitens,
Rhynchospora pallida,Rhynchospora,pallida,
Rhynchospora recognita,Rhynchospora,recognita,
Rhynchospora scirpoides,Rhynchospora,scirpoides,
Rhynchospora torreyana,Rhynchospora,torreyana,
Ribes americanum,Ribes,americanum,
Ribes aureum,Ribes,aureum,var. ?
Ribes aureum var. villosum,Ribes,aureum,var. villosum
Ribes cynosbati,Ribes,cynosbati,
Ribes glandulosum,Ribes,glandulosum,
Ribes hirtellum,Ribes,hirtellum,
Ribes lacustre,Ribes,lacustre,
Ribes missouriense,Ribes,missouriense,
Ribes nigrum,Ribes,nigrum,
Ribes rotundifolium,Ribes,rotundifolium,
Ribes rubrum,Ribes,rubrum,
Ribes triste,Ribes,triste,
Ribes uva-crispa,Ribes,uva-crispa,var. ?
Ribes uva-crispa var. sativum,Ribes,uva-crispa,var. sativum
Ricinus communis,Ricinus,communis,
Robinia hispida,Robinia,hispida,
Robinia hispida,Robinia,hispida,var. ?
Robinia hispida var. fertilis,Robinia,hispida,var. fertilis
Robinia hispida var. hispida,Robinia,hispida,var. hispida
Robinia hispida × R. pseudoacacia = R. ×margarettae,Robinia,hispida × R. pseudoacacia = R. ×margarettae,
Robinia pseudoacacia,Robinia,pseudoacacia,
Robinia viscosa,Robinia,viscosa,var. ?
Robinia viscosa var. viscosa,Robinia,viscosa,var. viscosa
Rorippa amphibia × R. sylvestris = R. ×prostrata,Rorippa,amphibia × R. sylvestris = R. ×prostrata,
Rorippa aquatica,Rorippa,aquatica,
Rorippa austriaca,Rorippa,austriaca,
Rorippa indica,Rorippa,indica,
Rorippa palustris,Rorippa,palustris,
Rorippa palustris,Rorippa,palustris,ssp. ?
Rorippa palustris ssp. hispida,Rorippa,palustris,ssp. hispida
Rorippa palustris ssp. palustris,Rorippa,palustris,ssp. palustris
Rorippa sylvestris,Rorippa,sylvestris,
Rosa acicularis,Rosa,acicularis,ssp. ?
Rosa acicularis ssp. sayi,Rosa,acicularis,ssp. sayi
Rosa arkansana,Rosa,arkansana,
Rosa blanda,Rosa,blanda,
Rosa blanda × R. carolina = R. ×gilmaniana,Rosa,blanda × R. carolina = R. ×gilmaniana,
Rosa blanda × R. palustris = R. ×palustriformis,Rosa,blanda × R. palustris = R. ×palustriformis,
Rosa blanda × R. virginiana = R. ×hainesii,Rosa,blanda × R. virginiana = R. ×hainesii,
Rosa canina,Rosa,canina,
Rosa carolina,Rosa,carolina,
Rosa carolina,Rosa,carolina,ssp. ?
Rosa carolina ssp. carolina,Rosa,carolina,ssp. carolina
Rosa carolina ssp. subserrulata,Rosa,carolina,ssp. subserrulata
Rosa carolina × R. virginiana = R. ×novae-angliae,Rosa,carolina × R. virginiana = R. ×novae-angliae,
Rosa cinnamomea,Rosa,cinnamomea,
Rosa gallica,Rosa,gallica,
Rosa glauca,Rosa,glauca,
Rosa lucieae,Rosa,lucieae,
Rosa micrantha,Rosa,micrantha,
Rosa multiflora,Rosa,multiflora,
Rosa palustris,Rosa,palustris,
Rosa rubiginosa,Rosa,rubiginosa,
Rosa rugosa,Rosa,rugosa,
Rosa rugosa × R. ? = R. ×hollandica,Rosa,rugosa × R. ? = R. ×hollandica,
Rosa setigera,Rosa,setigera,
Rosa spinosissima,Rosa,spinosissima,
Rosa villosa,Rosa,villosa,
Rosa virginiana,Rosa,virginiana,
Rosa ×alba,Rosa,×alba,
Rosa ×centifolia,Rosa,×centifolia,
Rostraria cristata,Rostraria,cristata,
Rotala ramosior,Rotala,ramosior,
Rubia tinctorum,Rubia,tinctorum,
Rubus allegheniensis,Rubus,allegheniensis,
Rubus bifrons,Rubus,bifrons,
Rubus caesius,Rubus,caesius,
Rubus canadensis,Rubus,canadensis,
Rubus chamaemorus,Rubus,chamaemorus,
Rubus cuneifolius,Rubus,cuneifolius,
Rubus flagellaris,Rubus,flagellaris,
Rubus hispidus,Rubus,hispidus,
Rubus idaeus,Rubus,idaeus,
Rubus idaeus,Rubus,idaeus,ssp. ?
Rubus idaeus ssp. idaeus,Rubus,idaeus,ssp. idaeus
Rubus idaeus ssp. strigosus,Rubus,idaeus,ssp. strigosus
Rubus idaeus ssp. strigosus × R. occidentalis = R. ×neglectus,Rubus,idaeus ssp. strigosus × R. occidentalis = R. ×neglectus,ssp. ?
Rubus idaeus ssp. strigosus × R. occidentalis = R. ×neglectus,Rubus,idaeus ssp. strigosus × R. occidentalis = R. ×neglectus,ssp. strigosus × R. occidentalis = R. ×neglectus
Rubus illecebrosus,Rubus,illecebrosus,
Rubus laciniatus,Rubus,laciniatus,
Rubus occidentalis,Rubus,occidentalis,
Rubus odoratus,Rubus,odoratus,
Rubus parvifolius,Rubus,parvifolius,
Rubus pascuus,Rubus,pascuus,
Rubus pensilvanicus,Rubus,pensilvanicus,
Rubus phoenicolasius,Rubus,phoenicolasius,
Rubus pubescens,Rubus,pubescens,
Rubus repens,Rubus,repens,
Rubus setosus,Rubus,setosus,
Rubus ulmifolius,Rubus,ulmifolius,
Rudbeckia fulgida,Rudbeckia,fulgida,
Rudbeckia fulgida,Rudbeckia,fulgida,var. ?
Rudbeckia fulgida var. speciosa,Rudbeckia,fulgida,var. speciosa
Rudbeckia fulgida var. sullivantii,Rudbeckia,fulgida,var. sullivantii
Rudbeckia hirta,Rudbeckia,hirta,
Rudbeckia laciniata,Rudbeckia,laciniata,var. ?
Rudbeckia laciniata var. laciniata,Rudbeckia,laciniata,var. laciniata
Rudbeckia subtomentosa,Rudbeckia,subtomentosa,
Rudbeckia triloba,Rudbeckia,triloba,var. ?
Rudbeckia triloba var. triloba,Rudbeckia,triloba,var. triloba
Ruellia humilis,Ruellia,humilis,
Rumex acetosa,Rumex,acetosa,
Rumex acetosella,Rumex,acetosella,ssp. ?
Rumex acetosella ssp. pyrenaicus,Rumex,acetosella,ssp. pyrenaicus
Rumex altissimus,Rumex,altissimus,
Rumex britannica,Rumex,britannica,
Rumex britannica × R. crispus = R. ×dissimilis,Rumex,britannica × R. crispus = R. ×dissimilis,
Rumex conglomeratus,Rumex,conglomeratus,
Rumex crispus,Rumex,crispus,ssp. ?
Rumex crispus ssp. crispus,Rumex,crispus,ssp. crispus
Rumex crispus × R. obtusifolius = R. ×pratensis,Rumex,crispus × R. obtusifolius = R. ×pratensis,
Rumex crispus × R. patientia = R. ×confusus,Rumex,crispus × R. patientia = R. ×confusus,
Rumex cristatus,Rumex,cristatus,
Rumex fueginus,Rumex,fueginus,
Rumex hastatulus,Rumex,hastatulus,
Rumex longifolius,Rumex,longifolius,
Rumex obtusifolius,Rumex,obtusifolius,ssp. ?
Rumex obtusifolius ssp. obtusifolius,Rumex,obtusifolius,ssp. obtusifolius
Rumex pallidus,Rumex,pallidus,
Rumex patientia,Rumex,patientia,
Rumex persicarioides,Rumex,persicarioides,
Rumex pulcher,Rumex,pulcher,
Rumex triangulivalvis,Rumex,triangulivalvis,
Rumex verticillatus,Rumex,verticillatus,
Ruppia maritima,Ruppia,maritima,
Ruta graveolens,Ruta,graveolens,
Sabatia angularis,Sabatia,angularis,
Sabatia campanulata,Sabatia,campanulata,
Sabatia dodecandra,Sabatia,dodecandra,var. ?
Sabatia dodecandra var. dodecandra,Sabatia,dodecandra,var. dodecandra
Sabatia stellaris,Sabatia,stellaris,
Sabulina michauxii,Sabulina,michauxii,var. ?
Sabulina michauxii var. michauxii,Sabulina,michauxii,var. michauxii
Sagina apetala,Sagina,apetala,
Sagina decumbens,Sagina,decumbens,ssp. ?
Sagina decumbens ssp. decumbens,Sagina,decumbens,ssp. decumbens
Sagina japonica,Sagina,japonica,
Sagina procumbens,Sagina,procumbens,
Sagittaria cuneata,Sagittaria,cuneata,
Sagittaria engelmanniana,Sagittaria,engelmanniana,
Sagittaria filiformis,Sagittaria,filiformis,
Sagittaria graminea,Sagittaria,graminea,ssp. ?
Sagittaria graminea ssp. graminea,Sagittaria,graminea,ssp. graminea
Sagittaria latifolia,Sagittaria,latifolia,
Sagittaria rigida,Sagittaria,rigida,
Sagittaria spongiosa,Sagittaria,spongiosa,
Sagittaria subulata,Sagittaria,subulata,
Sagittaria teres,Sagittaria,teres,
Salicornia ambigua,Salicornia,ambigua,
Salicornia bigelovii,Salicornia,bigelovii,
Salicornia depressa,Salicornia,depressa,
Salix alba,Salix,alba,
Salix alba × S. babylonica = S. ×sepulcralis,Salix,alba × S. babylonica = S. ×sepulcralis,
Salix alba × S. euxina = S. ×fragilis,Salix,alba × S. euxina = S. ×fragilis,
Salix alba × S. lucida = S. ×jesupii,Salix,alba × S. lucida = S. ×jesupii,
Salix amygdaloides,Salix,amygdaloides,
Salix babylonica × S. euxina = S. ×pendulina,Salix,babylonica × S. euxina = S. ×pendulina,
Salix bebbiana,Salix,bebbiana,
Salix candida,Salix,candida,
Salix candida × S. eriocephala = S. ×rubella,Salix,candida × S. eriocephala = S. ×rubella,
Salix candida × S. petiolaris,Salix,candida × S. petiolaris,
Salix caprea,Salix,caprea,
Salix cinerea,Salix,cinerea,
Salix cinerea,Salix,cinerea,ssp. ?
Salix cinerea ssp. cinerea,Salix,cinerea,ssp. cinerea
Salix cinerea ssp. oleifolia,Salix,cinerea,ssp. oleifolia
Salix cordata,Salix,cordata,
Salix discolor,Salix,discolor,
Salix elaeagnos,Salix,elaeagnos,
Salix eriocephala,Salix,eriocephala,
Salix eriocephala × S. petiolaris,Salix,eriocephala × S. petiolaris,
Salix eriocephala × S. sericea,Salix,eriocephala × S. sericea,
Salix euxina × S. pentandra = S. ×meyeriana,Salix,euxina × S. pentandra = S. ×meyeriana,
Salix herbacea,Salix,herbacea,
Salix humilis,Salix,humilis,
Salix humilis,Salix,humilis,var. ?
Salix humilis var. humilis,Salix,humilis,var. humilis
Salix humilis var. tristis,Salix,humilis,var. tristis
Salix interior,Salix,interior,
Salix lucida,Salix,lucida,
Salix matsudana,Salix,matsudana,
Salix nigra,Salix,nigra,
Salix pedicellaris,Salix,pedicellaris,
Salix petiolaris,Salix,petiolaris,
Salix petiolaris × S. sericea,Salix,petiolaris × S. sericea,
Salix purpurea,Salix,purpurea,
Salix pyrifolia,Salix,pyrifolia,
Salix sericea,Salix,sericea,
Salix serissima,Salix,serissima,
Salix uva-ursi,Salix,uva-ursi,
Salsola collina,Salsola,collina,
Salsola kali,Salsola,kali,
Salsola kali,Salsola,kali,ssp. ?
Salsola kali ssp. kali,Salsola,kali,ssp. kali
Salsola kali ssp. pontica,Salsola,kali,ssp. pontica
Salsola tragus,Salsola,tragus,
Salvia azurea,Salvia,azurea,var. ?
Salvia azurea var. grandiflora,Salvia,azurea,var. grandiflora
Salvia glutinosa,Salvia,glutinosa,
Salvia lyrata,Salvia,lyrata,
Salvia nemorosa,Salvia,nemorosa,
Salvia officinalis,Salvia,officinalis,
Salvia pratensis,Salvia,pratensis,
Salvia reflexa,Salvia,reflexa,
Salvia verticillata,Salvia,verticillata,
Sambucus ebulus,Sambucus,ebulus,
Sambucus nigra,Sambucus,nigra,ssp. ?
Sambucus nigra ssp. canadensis,Sambucus,nigra,ssp. canadensis
Sambucus racemosa,Sambucus,racemosa,
Samolus valerandi,Samolus,valerandi,
Sanguinaria canadensis,Sanguinaria,canadensis,
Sanguisorba canadensis,Sanguisorba,canadensis,
Sanicula canadensis,Sanicula,canadensis,
Sanicula canadensis,Sanicula,canadensis,var. ?
Sanicula canadensis var. canadensis,Sanicula,canadensis,var. canadensis
Sanicula canadensis var. grandis,Sanicula,canadensis,var. grandis
Sanicula marilandica,Sanicula,marilandica,
Sanicula odorata,Sanicula,odorata,
Sanicula trifoliata,Sanicula,trifoliata,
Santolina chamaecyparissus,Santolina,chamaecyparissus,
Saponaria ocymoides,Saponaria,ocymoides,
Saponaria officinalis,Saponaria,officinalis,
Sarracenia purpurea,Sarracenia,purpurea,
Sassafras albidum,Sassafras,albidum,
Satureja hortensis,Satureja,hortensis,
Saururus cernuus,Saururus,cernuus,
Saxifraga aizoides,Saxifraga,aizoides,
Saxifraga oppositifolia,Saxifraga,oppositifolia,ssp. ?
Saxifraga oppositifolia ssp. oppositifolia,Saxifraga,oppositifolia,ssp. oppositifolia
Saxifraga paniculata,Saxifraga,paniculata,ssp. ?
Saxifraga paniculata ssp. paniculata,Saxifraga,paniculata,ssp. paniculata
Scabiosa columbaria,Scabiosa,columbaria,
Scandix pecten-veneris,Scandix,pecten-veneris,
Schedonorus arundinaceus,Schedonorus,arundinaceus,
Schedonorus giganteus,Schedonorus,giganteus,
Schedonorus pratensis,Schedonorus,pratensis,
Scheuchzeria palustris,Scheuchzeria,palustris,
Schizachne purpurascens,Schizachne,purpurascens,
Schizachyrium littorale,Schizachyrium,littorale,
Schizachyrium scoparium,Schizachyrium,scoparium,var. ?
Schizachyrium scoparium var. scoparium,Schizachyrium,scoparium,var. scoparium
Schizaea pusilla,Schizaea,pusilla,
Schizanthus pinnatus,Schizanthus,pinnatus,
Schkuhria pinnata,Schkuhria,pinnata,
Schoenoplectiella mucronata,Schoenoplectiella,mucronata,
Schoenoplectiella purshiana,Schoenoplectiella,purshiana,var. ?
Schoenoplectiella purshiana var. purshiana,Schoenoplectiella,purshiana,var. purshiana
Schoenoplectiella smithii,Schoenoplectiella,smithii,
Schoenoplectiella smithii,Schoenoplectiella,smithii,var. ?
Schoenoplectiella smithii var. setosa,Schoenoplectiella,smithii,var. setosa
Schoenoplectiella smithii var. smithii,Schoenoplectiella,smithii,var. smithii
Schoenoplectus acutus,Schoenoplectus,acutus,var. ?
Schoenoplectus acutus var. acutus,Schoenoplectus,acutus,var. acutus
Schoenoplectus acutus × S. heterochaetus = S. ×oblongus,Schoenoplectus,acutus × S. heterochaetus = S. ×oblongus,
Schoenoplectus acutus × S. tabernaemontani,Schoenoplectus,acutus × S. tabernaemontani,
Schoenoplectus americanus,Schoenoplectus,americanus,
Schoenoplectus heterochaetus,Schoenoplectus,heterochaetus,
Schoenoplectus heterochaetus × S. tabernaemontani = S. ×steinmetzii,Schoenoplectus,heterochaetus × S. tabernaemontani = S. ×steinmetzii,
Schoenoplectus pungens,Schoenoplectus,pungens,var. ?
Schoenoplectus pungens var. pungens,Schoenoplectus,pungens,var. pungens
Schoenoplectus subterminalis,Schoenoplectus,subterminalis,
Schoenoplectus tabernaemontani,Schoenoplectus,tabernaemontani,
Schoenoplectus torreyi,Schoenoplectus,torreyi,
Schwalbea americana,Schwalbea,americana,
Scilla forbesii,Scilla,forbesii,
Scilla luciliae,Scilla,luciliae,
Scilla siberica,Scilla,siberica,
Scirpus ancistrochaetus,Scirpus,ancistrochaetus,
Scirpus atrocinctus,Scirpus,atrocinctus,
Scirpus atrocinctus × S. cyperinus,Scirpus,atrocinctus × S. cyperinus,
Scirpus atrocinctus × S. hattorianus,Scirpus,atrocinctus × S. hattorianus,
Scirpus atrovirens,Scirpus,atrovirens,
Scirpus atrovirens × S. hattorianus,Scirpus,atrovirens × S. hattorianus,
Scirpus atrovirens × S. polyphyllus,Scirpus,atrovirens × S. polyphyllus,
Scirpus cyperinus,Scirpus,cyperinus,
Scirpus cyperinus × S. pedicellatus,Scirpus,cyperinus × S. pedicellatus,
Scirpus expansus,Scirpus,expansus,
Scirpus expansus × S. microcarpus,Scirpus,expansus × S. microcarpus,
Scirpus georgianus,Scirpus,georgianus,
Scirpus hattorianus,Scirpus,hattorianus,
Scirpus longii,Scirpus,longii,
Scirpus microcarpus,Scirpus,microcarpus,
Scirpus pallidus,Scirpus,pallidus,
Scirpus pedicellatus,Scirpus,pedicellatus,
Scirpus pendulus,Scirpus,pendulus,
Scirpus polyphyllus,Scirpus,polyphyllus,
Scleranthus annuus,Scleranthus,annuus,ssp. ?
Scleranthus annuus ssp. annuus,Scleranthus,annuus,ssp. annuus
Scleria minor,Scleria,minor,
Scleria muehlenbergii,Scleria,muehlenbergii,
Scleria pauciflora,Scleria,pauciflora,
Scleria reticularis,Scleria,reticularis,
Scleria triglomerata,Scleria,triglomerata,
Scleria verticillata,Scleria,verticillata,
Sclerochloa dura,Sclerochloa,dura,
Scolymus hispanicus,Scolymus,hispanicus,
Scorzoneroides autumnalis,Scorzoneroides,autumnalis,
Scrophularia auriculata,Scrophularia,auriculata,
Scrophularia canina,Scrophularia,canina,
Scrophularia lanceolata,Scrophularia,lanceolata,
Scrophularia marilandica,Scrophularia,marilandica,
Scrophularia nodosa,Scrophularia,nodosa,
Scutellaria elliptica,Scutellaria,elliptica,var. ?
Scutellaria elliptica var. elliptica,Scutellaria,elliptica,var. elliptica
Scutellaria galericulata,Scutellaria,galericulata,
Scutellaria incana,Scutellaria,incana,var. ?
Scutellaria incana var. incana,Scutellaria,incana,var. incana
Scutellaria integrifolia,Scutellaria,integrifolia,
Scutellaria lateriflora,Scutellaria,lateriflora,
Scutellaria nervosa,Scutellaria,nervosa,
Scutellaria parvula,Scutellaria,parvula,
Scutellaria parvula,Scutellaria,parvula,var. ?
Scutellaria parvula var. missouriensis,Scutellaria,parvula,var. missouriensis
Scutellaria parvula var. parvula,Scutellaria,parvula,var. parvula
Scutellaria serrata,Scutellaria,serrata,
Secale cereale,Secale,cereale,
Securigera varia,Securigera,varia,
Sedum acre,Sedum,acre,
Sedum album,Sedum,album,
Sedum hispanicum,Sedum,hispanicum,
Sedum sarmentosum,Sedum,sarmentosum,
Sedum sexangulare,Sedum,sexangulare,
Sedum ternatum,Sedum,ternatum,
Selaginella apoda,Selaginella,apoda,
Selaginella eclipes,Selaginella,eclipes,
Selaginella rupestris,Selaginella,rupestris,
Selinum carvifolia,Selinum,carvifolia,
Senecio eremophilus,Senecio,eremophilus,var. ?
Senecio eremophilus var. kingii,Senecio,eremophilus,var. kingii
Senecio jacobaea,Senecio,jacobaea,
Senecio suaveolens,Senecio,suaveolens,
Senecio viscosus,Senecio,viscosus,
Senecio vulgaris,Senecio,vulgaris,
Senna hebecarpa,Senna,hebecarpa,
Senna obtusifolia,Senna,obtusifolia,
Sericocarpus asteroides,Sericocarpus,asteroides,
Sericocarpus linifolius,Sericocarpus,linifolius,
Sesamum indicum,Sesamum,indicum,
Sesuvium maritimum,Sesuvium,maritimum,
Setaria faberi,Setaria,faberi,
Setaria italica,Setaria,italica,
Setaria parviflora,Setaria,parviflora,
Setaria pumila,Setaria,pumila,ssp. ?
Setaria pumila ssp. pumila,Setaria,pumila,ssp. pumila
Setaria verticillata,Setaria,verticillata,
Setaria verticilliformis,Setaria,verticilliformis,
Setaria viridis,Setaria,viridis,
Setaria viridis,Setaria,viridis,var. ?
Setaria viridis var. major,Setaria,viridis,var. major
Setaria viridis var. viridis,Setaria,viridis,var. viridis
Shepherdia argentea,Shepherdia,argentea,
Shepherdia canadensis,Shepherdia,canadensis,
Sibbaldia tridentata,Sibbaldia,tridentata,
Sicyos angulatus,Sicyos,angulatus,
Sida spinosa,Sida,spinosa,
Sidalcea oregana,Sidalcea,oregana,
Silene antirrhina,Silene,antirrhina,
Silene caroliniana,Silene,caroliniana,ssp. ?
Silene caroliniana ssp. pensylvanica,Silene,caroliniana,ssp. pensylvanica
Silene conica,Silene,conica,ssp. ?
Silene conica ssp. conica,Silene,conica,ssp. conica
Silene csereii,Silene,csereii,
Silene dichotoma,Silene,dichotoma,ssp. ?
Silene dichotoma ssp. dichotoma,Silene,dichotoma,ssp. dichotoma
Silene dioica,Silene,dioica,
Silene dioica × S. latifolia = S. ×hampeana,Silene,dioica × S. latifolia = S. ×hampeana,
Silene gallica,Silene,gallica,
Silene italica,Silene,italica,ssp. ?
Silene italica ssp. nemoralis,Silene,italica,ssp. nemoralis
Silene latifolia,Silene,latifolia,
Silene noctiflora,Silene,noctiflora,
Silene nutans,Silene,nutans,
Silene pendula,Silene,pendula,
Silene stellata,Silene,stellata,
Silene virginica,Silene,virginica,
Silene vulgaris,Silene,vulgaris,
Silphium asteriscus,Silphium,asteriscus,var. ?
Silphium asteriscus var. trifoliatum,Silphium,asteriscus,var. trifoliatum
Silphium laciniatum,Silphium,laciniatum,
Silphium perfoliatum,Silphium,perfoliatum,var. ?
Silphium perfoliatum var. perfoliatum,Silphium,perfoliatum,var. perfoliatum
Silphium terebinthinaceum,Silphium,terebinthinaceum,var. ?
Silphium terebinthinaceum var. terebinthinaceum,Silphium,terebinthinaceum,var. terebinthinaceum
Silybum marianum,Silybum,marianum,
Sinapis alba,Sinapis,alba,ssp. ?
Sinapis alba ssp. alba,Sinapis,alba,ssp. alba
Sinapis arvensis,Sinapis,arvensis,
Sisymbrium altissimum,Sisymbrium,altissimum,
Sisymbrium irio,Sisymbrium,irio,
Sisymbrium loeselii,Sisymbrium,loeselii,
Sisymbrium officinale,Sisymbrium,officinale,
Sisymbrium orientale,Sisymbrium,orientale,
Sisyrinchium albidum,Sisyrinchium,albidum,
Sisyrinchium angustifolium,Sisyrinchium,angustifolium,
Sisyrinchium atlanticum,Sisyrinchium,atlanticum,
Sisyrinchium fuscatum,Sisyrinchium,fuscatum,
Sisyrinchium montanum,Sisyrinchium,montanum,
Sisyrinchium mucronatum,Sisyrinchium,mucronatum,
Sium suave,Sium,suave,
Smallanthus uvedalia,Smallanthus,uvedalia,
Smilax glauca,Smilax,glauca,
Smilax herbacea,Smilax,herbacea,
Smilax hispida,Smilax,hispida,
Smilax lasioneura,Smilax,lasioneura,
Smilax pseudochina,Smilax,pseudochina,
Smilax pulverulenta,Smilax,pulverulenta,
Smilax rotundifolia,Smilax,rotundifolia,
Solanum carolinense,Solanum,carolinense,var. ?
Solanum carolinense var. carolinense,Solanum,carolinense,var. carolinense
Solanum dulcamara,Solanum,dulcamara,
Solanum emulans,Solanum,emulans,
Solanum jamesii,Solanum,jamesii,
Solanum lycopersicum,Solanum,lycopersicum,
Solanum nigrum,Solanum,nigrum,ssp. ?
Solanum nigrum ssp. nigrum,Solanum,nigrum,ssp. nigrum
Solanum nitidibaccatum,Solanum,nitidibaccatum,
Solanum pseudocapsicum,Solanum,pseudocapsicum,
Solanum rostratum,Solanum,rostratum,
Solanum sarrachoides,Solanum,sarrachoides,
Solanum sisymbriifolium,Solanum,sisymbriifolium,
Solanum triflorum,Solanum,triflorum,
Solanum tuberosum,Solanum,tuberosum,
Solidago altissima,Solidago,altissima,ssp. ?
Solidago altissima ssp. altissima,Solidago,altissima,ssp. altissima
Solidago arguta,Solidago,arguta,
Solidago bicolor,Solidago,bicolor,
Solidago caesia,Solidago,caesia,var. ?
Solidago caesia var. caesia,Solidago,caesia,var. caesia
Solidago caesia × S. flexicaulis,Solidago,caesia × S. flexicaulis,
Solidago canadensis,Solidago,canadensis,
Solidago canadensis,Solidago,canadensis,var. ?
Solidago canadensis var. canadensis,Solidago,canadensis,var. canadensis
Solidago canadensis var. hargeri,Solidago,canadensis,var. hargeri
Solidago canadensis × S. sempervirens = S. ×erskinei,Solidago,canadensis × S. sempervirens = S. ×erskinei,
Solidago flexicaulis,Solidago,flexicaulis,
Solidago gigantea,Solidago,gigantea,
Solidago hispida,Solidago,hispida,
Solidago houghtonii,Solidago,houghtonii,
Solidago juncea,Solidago,juncea,
Solidago latissimifolia,Solidago,latissimifolia,
Solidago leiocarpa,Solidago,leiocarpa,
Solidago macrophylla,Solidago,macrophylla,
Solidago mexicana,Solidago,mexicana,
Solidago nemoralis,Solidago,nemoralis,ssp. ?
Solidago nemoralis ssp. nemoralis,Solidago,nemoralis,ssp. nemoralis
Solidago odora,Solidago,odora,
Solidago ohioensis,Solidago,ohioensis,
Solidago patula,Solidago,patula,
Solidago ptarmicoides,Solidago,ptarmicoides,
Solidago puberula,Solidago,puberula,
Solidago racemosa,Solidago,racemosa,
Solidago randii,Solidago,randii,
Solidago rigida,Solidago,rigida,var. ?
Solidago rigida var. rigida,Solidago,rigida,var. rigida
Solidago rugosa,Solidago,rugosa,
Solidago rugosa,Solidago,rugosa,var. ?
Solidago rugosa var. aspera,Solidago,rugosa,var. aspera
Solidago rugosa var. rugosa,Solidago,rugosa,var. rugosa
Solidago rugosa var. sphagnophila,Solidago,rugosa,var. sphagnophila
Solidago rugosa × S. sempervirens = S. ×asperula,Solidago,rugosa × S. sempervirens = S. ×asperula,
Solidago rugosa × S. uliginosa = S. ×beaudryi,Solidago,rugosa × S. uliginosa = S. ×beaudryi,
Solidago sempervirens,Solidago,sempervirens,
Solidago speciosa,Solidago,speciosa,
Solidago squarrosa,Solidago,squarrosa,
Solidago uliginosa,Solidago,uliginosa,
Solidago uliginosa,Solidago,uliginosa,var. ?
Solidago uliginosa var. peracuta,Solidago,uliginosa,var. peracuta
Solidago uliginosa var. uliginosa,Solidago,uliginosa,var. uliginosa
Solidago ulmifolia,Solidago,ulmifolia,var. ?
Solidago ulmifolia var. ulmifolia,Solidago,ulmifolia,var. ulmifolia
Sonchus arvensis,Sonchus,arvensis,
Sonchus arvensis,Sonchus,arvensis,ssp. ?
Sonchus arvensis ssp. arvensis,Sonchus,arvensis,ssp. arvensis
Sonchus arvensis ssp. uliginosus,Sonchus,arvensis,ssp. uliginosus
Sonchus asper,Sonchus,asper,
Sonchus oleraceus,Sonchus,oleraceus,
Sonchus tenerrimus,Sonchus,tenerrimus,
Sorbaria sorbifolia,Sorbaria,sorbifolia,
Sorbus americana,Sorbus,americana,
Sorbus aucuparia,Sorbus,aucuparia,
Sorbus decora,Sorbus,decora,
Sorghastrum nutans,Sorghastrum,nutans,
Sorghum bicolor,Sorghum,bicolor,
Sorghum bicolor,Sorghum,bicolor,ssp. ?
Sorghum bicolor ssp. bicolor,Sorghum,bicolor,ssp. bicolor
Sorghum bicolor ssp. drummondii,Sorghum,bicolor,ssp. drummondii
Sorghum halepense,Sorghum,halepense,
Sparganium americanum,Sparganium,americanum,
Sparganium androcladum,Sparganium,androcladum,
Sparganium angustifolium,Sparganium,angustifolium,
Sparganium chlorocarpum,Sparganium,chlorocarpum,
Sparganium eurycarpum,Sparganium,eurycarpum,
Sparganium fluctuans,Sparganium,fluctuans,
Sparganium natans,Sparganium,natans,
Spergula arvensis,Spergula,arvensis,
Spergula morisonii,Spergula,morisonii,
Spergularia canadensis,Spergularia,canadensis,var. ?
Spergularia canadensis var. canadensis,Spergularia,canadensis,var. canadensis
Spergularia marina,Spergularia,marina,
Spergularia media,Spergularia,media,var. ?
Spergularia media var. media,Spergularia,media,var. media
Spergularia rubra,Spergularia,rubra,
Sphenopholis intermedia,Sphenopholis,intermedia,
Sphenopholis nitida,Sphenopholis,nitida,
Sphenopholis obtusata,Sphenopholis,obtusata,
Sphenopholis pensylvanica,Sphenopholis,pensylvanica,
Spinacia oleracea,Spinacia,oleracea,
Spinulum annotinum,Spinulum,annotinum,
Spinulum annotinum × S. canadense,Spinulum,annotinum × S. canadense,
Spinulum canadense,Spinulum,canadense,
Spiraea alba,Spiraea,alba,
Spiraea alba,Spiraea,alba,var. ?
Spiraea alba var. alba,Spiraea,alba,var. alba
Spiraea alba var. latifolia,Spiraea,alba,var. latifolia
Spiraea alba × S. douglasii = S. ×billardii,Spiraea,alba × S. douglasii = S. ×billardii,
Spiraea cantoniensis,Spiraea,cantoniensis,
Spiraea cantoniensis × S. trilobata = S. ×vanhouttei,Spiraea,cantoniensis × S. trilobata = S. ×vanhouttei,
Spiraea chamaedryfolia,Spiraea,chamaedryfolia,
Spiraea douglasii × S. salicifolia = S. ×pseudosalicifolia,Spiraea,douglasii × S. salicifolia = S. ×pseudosalicifolia,
Spiraea japonica,Spiraea,japonica,
Spiraea prunifolia,Spiraea,prunifolia,
Spiraea thunbergii,Spiraea,thunbergii,
Spiraea tomentosa,Spiraea,tomentosa,
Spiraea trilobata,Spiraea,trilobata,
Spiranthes arcisepala,Spiranthes,arcisepala,
Spiranthes bightensis,Spiranthes,bightensis,
Spiranthes casei,Spiranthes,casei,var. ?
Spiranthes casei var. casei,Spiranthes,casei,var. casei
Spiranthes cernua,Spiranthes,cernua,
Spiranthes incurva,Spiranthes,incurva,
Spiranthes lacera,Spiranthes,lacera,
Spiranthes lacera,Spiranthes,lacera,var. ?
Spiranthes lacera var. gracilis,Spiranthes,lacera,var. gracilis
Spiranthes lacera var. lacera,Spiranthes,lacera,var. lacera
Spiranthes lucida,Spiranthes,lucida,
Spiranthes magnicamporum,Spiranthes,magnicamporum,
Spiranthes ochroleuca,Spiranthes,ochroleuca,
Spiranthes odorata,Spiranthes,odorata,
Spiranthes ovalis,Spiranthes,ovalis,var. ?
Spiranthes ovalis var. erostellata,Spiranthes,ovalis,var. erostellata
Spiranthes romanzoffiana,Spiranthes,romanzoffiana,
Spiranthes tuberosa,Spiranthes,tuberosa,
Spiranthes vernalis,Spiranthes,vernalis,
Spirobassia hirsuta,Spirobassia,hirsuta,
Spirodela polyrhiza,Spirodela,polyrhiza,
Sporobolus airoides,Sporobolus,airoides,
Sporobolus alterniflorus,Sporobolus,alterniflorus,
Sporobolus clandestinus,Sporobolus,clandestinus,
Sporobolus compositus,Sporobolus,compositus,var. ?
Sporobolus compositus var. compositus,Sporobolus,compositus,var. compositus
Sporobolus cryptandrus,Sporobolus,cryptandrus,
Sporobolus cynosuroides,Sporobolus,cynosuroides,
Sporobolus heterolepis,Sporobolus,heterolepis,
Sporobolus indicus,Sporobolus,indicus,
Sporobolus michauxianus,Sporobolus,michauxianus,
Sporobolus michauxianus × S. pumilus = S. ×eatonianus,Sporobolus,michauxianus × S. pumilus = S. ×eatonianus,
Sporobolus neglectus,Sporobolus,neglectus,
Sporobolus pumilus,Sporobolus,pumilus,
Sporobolus pyramidatus,Sporobolus,pyramidatus,
Sporobolus rigidus,Sporobolus,rigidus,var. ?
Sporobolus rigidus var. magnus,Sporobolus,rigidus,var. magnus
Sporobolus schoenoides,Sporobolus,schoenoides,
Sporobolus vaginiflorus,Sporobolus,vaginiflorus,var. ?
Sporobolus vaginiflorus var. vaginiflorus,Sporobolus,vaginiflorus,var. vaginiflorus
Stachys annua,Stachys,annua,
Stachys arenicola,Stachys,arenicola,
Stachys arvensis,Stachys,arvensis,
Stachys byzantina,Stachys,byzantina,
Stachys hispida,Stachys,hispida,
Stachys hyssopifolia,Stachys,hyssopifolia,var. ?
Stachys hyssopifolia var. hyssopifolia,Stachys,hyssopifolia,var. hyssopifolia
Stachys palustris,Stachys,palustris,
Stachys pilosa,Stachys,pilosa,
Stachys recta,Stachys,recta,
Stachys sylvatica,Stachys,sylvatica,
Stapfochloa ciliata,Stapfochloa,ciliata,
Staphylea trifolia,Staphylea,trifolia,
Stellaria alsine,Stellaria,alsine,
Stellaria aquatica,Stellaria,aquatica,
Stellaria borealis,Stellaria,borealis,ssp. ?
Stellaria borealis ssp. borealis,Stellaria,borealis,ssp. borealis
Stellaria borealis × S. longifolia,Stellaria,borealis × S. longifolia,
Stellaria corei,Stellaria,corei,
Stellaria graminea,Stellaria,graminea,
Stellaria longifolia,Stellaria,longifolia,
Stellaria longipes,Stellaria,longipes,ssp. ?
Stellaria longipes ssp. longipes,Stellaria,longipes,ssp. longipes
Stellaria media,Stellaria,media,
Stellaria neglecta,Stellaria,neglecta,
Stellaria pallida,Stellaria,pallida,
Stellaria pubera,Stellaria,pubera,
Stenanthium leimanthoides,Stenanthium,leimanthoides,
Stephanomeria exigua,Stephanomeria,exigua,ssp. ?
Stephanomeria exigua ssp. coronaria,Stephanomeria,exigua,ssp. coronaria
Streptopus amplexifolius,Streptopus,amplexifolius,
Streptopus amplexifolius × S. lanceolatus = S. ×oreopolus,Streptopus,amplexifolius × S. lanceolatus = S. ×oreopolus,
Streptopus lanceolatus,Streptopus,lanceolatus,
Strigosella africana,Strigosella,africana,
Strophostyles helvola,Strophostyles,helvola,
Strophostyles umbellata,Strophostyles,umbellata,
Stuckenia filiformis,Stuckenia,filiformis,
Stuckenia pectinata,Stuckenia,pectinata,
Stylophorum diphyllum,Stylophorum,diphyllum,
Stylosanthes biflora,Stylosanthes,biflora,
Styphnolobium japonicum,Styphnolobium,japonicum,
Styrax japonicus,Styrax,japonicus,
Suaeda calceoliformis,Suaeda,calceoliformis,
Suaeda linearis,Suaeda,linearis,
Suaeda maritima,Suaeda,maritima,ssp. ?
Suaeda maritima ssp. maritima,Suaeda,maritima,ssp. maritima
Suaeda rolandii,Suaeda,rolandii,
Subularia aquatica,Subularia,aquatica,ssp. ?
Subularia aquatica ssp. americana,Subularia,aquatica,ssp. americana
Succisella inflexa,Succisella,inflexa,
Symphoricarpos albus,Symphoricarpos,albus,
Symphoricarpos albus,Symphoricarpos,albus,var. ?
Symphoricarpos albus var. albus,Symphoricarpos,albus,var. albus
Symphoricarpos albus var. laevigatus,Symphoricarpos,albus,var. laevigatus
Symphoricarpos occidentalis,Symphoricarpos,occidentalis,
Symphoricarpos orbiculatus,Symphoricarpos,orbiculatus,
Symphyotrichum boreale,Symphyotrichum,boreale,
Symphyotrichum ciliatum,Symphyotrichum,ciliatum,
Symphyotrichum ciliolatum,Symphyotrichum,ciliolatum,
Symphyotrichum concolor,Symphyotrichum,concolor,var. ?
Symphyotrichum concolor var. concolor,Symphyotrichum,concolor,var. concolor
Symphyotrichum cordifolium,Symphyotrichum,cordifolium,
Symphyotrichum cordifolium × S. puniceum = S. ×tardiflorum,Symphyotrichum,cordifolium × S. puniceum = S. ×tardiflorum,
Symphyotrichum dumosum,Symphyotrichum,dumosum,
Symphyotrichum ericoides,Symphyotrichum,ericoides,var. ?
Symphyotrichum ericoides var. ericoides,Symphyotrichum,ericoides,var. ericoides
Symphyotrichum ericoides × S. novae-angliae = S. ×amethystinum,Symphyotrichum,ericoides × S. novae-angliae = S. ×amethystinum,
Symphyotrichum firmum,Symphyotrichum,firmum,
Symphyotrichum laeve,Symphyotrichum,laeve,var. ?
Symphyotrichum laeve var. laeve,Symphyotrichum,laeve,var. laeve
Symphyotrichum lanceolatum,Symphyotrichum,lanceolatum,
Symphyotrichum lanceolatum,Symphyotrichum,lanceolatum,var. ?
Symphyotrichum lanceolatum var. interior,Symphyotrichum,lanceolatum,var. interior
Symphyotrichum lanceolatum var. lanceolatum,Symphyotrichum,lanceolatum,var. lanceolatum
Symphyotrichum lateriflorum,Symphyotrichum,lateriflorum,
Symphyotrichum lowrieanum,Symphyotrichum,lowrieanum,
Symphyotrichum novae-angliae,Symphyotrichum,novae-angliae,
Symphyotrichum novi-belgii,Symphyotrichum,novi-belgii,
Symphyotrichum novi-belgii,Symphyotrichum,novi-belgii,var. ?
Symphyotrichum novi-belgii var. elodes,Symphyotrichum,novi-belgii,var. elodes
Symphyotrichum novi-belgii var. novi-belgii,Symphyotrichum,novi-belgii,var. novi-belgii
Symphyotrichum ontarionis,Symphyotrichum,ontarionis,
Symphyotrichum oolentangiense,Symphyotrichum,oolentangiense,
Symphyotrichum patens,Symphyotrichum,patens,var. ?
Symphyotrichum patens var. patens,Symphyotrichum,patens,var. patens
Symphyotrichum phlogifolium,Symphyotrichum,phlogifolium,
Symphyotrichum pilosum,Symphyotrichum,pilosum,
Symphyotrichum pilosum,Symphyotrichum,pilosum,var. ?
Symphyotrichum pilosum var. pilosum,Symphyotrichum,pilosum,var. pilosum
Symphyotrichum pilosum var. pringlei,Symphyotrichum,pilosum,var. pringlei
Symphyotrichum praealtum,Symphyotrichum,praealtum,
Symphyotrichum prenanthoides,Symphyotrichum,prenanthoides,
Symphyotrichum puniceum,Symphyotrichum,puniceum,var. ?
Symphyotrichum puniceum var. puniceum,Symphyotrichum,puniceum,var. puniceum
Symphyotrichum racemosum,Symphyotrichum,racemosum,
Symphyotrichum subulatum,Symphyotrichum,subulatum,var. ?
Symphyotrichum subulatum var. subulatum,Symphyotrichum,subulatum,var. subulatum
Symphyotrichum tenuifolium,Symphyotrichum,tenuifolium,var. ?
Symphyotrichum tenuifolium var. tenuifolium,Symphyotrichum,tenuifolium,var. tenuifolium
Symphyotrichum tradescantii,Symphyotrichum,tradescantii,
Symphyotrichum undulatum,Symphyotrichum,undulatum,
Symphyotrichum urophyllum,Symphyotrichum,urophyllum,
Symphytum asperum,Symphytum,asperum,
Symphytum asperum × S. officinale = S. ×uplandicum,Symphytum,asperum × S. officinale = S. ×uplandicum,
Symphytum officinale,Symphytum,officinale,
Symplocarpus foetidus,Symplocarpus,foetidus,
Symplocos paniculata,Symplocos,paniculata,
Symplocos tinctoria,Symplocos,tinctoria,
Syringa reticulata,Syringa,reticulata,ssp. ?
Syringa reticulata ssp. reticulata,Syringa,reticulata,ssp. reticulata
Syringa vulgaris,Syringa,vulgaris,
Taeniatherum caput-medusae,Taeniatherum,caput-medusae,ssp. ?
Taeniatherum caput-medusae ssp. caput-medusae,Taeniatherum,caput-medusae,ssp. caput-medusae
Taenidia integerrima,Taenidia,integerrima,
Tagetes erecta,Tagetes,erecta,
Tagetes patula,Tagetes,patula,
Tamarix parviflora,Tamarix,parviflora,
Tanacetum balsamita,Tanacetum,balsamita,
Tanacetum coccineum,Tanacetum,coccineum,
Tanacetum parthenium,Tanacetum,parthenium,
Tanacetum vulgare,Tanacetum,vulgare,
Taraxacum erythrospermum,Taraxacum,erythrospermum,
Taraxacum officinale,Taraxacum,officinale,
Taraxacum palustre,Taraxacum,palustre,
Tarenaya hassleriana,Tarenaya,hassleriana,
Taxodium distichum,Taxodium,distichum,var. ?
Taxodium distichum var. distichum,Taxodium,distichum,var. distichum
Taxus baccata,Taxus,baccata,
Taxus canadensis,Taxus,canadensis,
Taxus cuspidata,Taxus,cuspidata,
Teesdalia nudicaulis,Teesdalia,nudicaulis,
Telekia speciosa,Telekia,speciosa,
Teloxys aristata,Teloxys,aristata,
Tephrosia virginiana,Tephrosia,virginiana,
Tetradium daniellii,Tetradium,daniellii,
Tetragonia tetragonioides,Tetragonia,tetragonioides,
Teucrium botrys,Teucrium,botrys,
Teucrium canadense,Teucrium,canadense,
Thalictrum aquilegiifolium,Thalictrum,aquilegiifolium,
Thalictrum dasycarpum,Thalictrum,dasycarpum,
Thalictrum dioicum,Thalictrum,dioicum,
Thalictrum pubescens,Thalictrum,pubescens,
Thalictrum revolutum,Thalictrum,revolutum,
Thalictrum thalictroides,Thalictrum,thalictroides,
Thalictrum venulosum,Thalictrum,venulosum,
Thaspium barbinode,Thaspium,barbinode,
Thelypteris palustris,Thelypteris,palustris,var. ?
Thelypteris palustris var. pubescens,Thelypteris,palustris,var. pubescens
Thermopsis villosa,Thermopsis,villosa,
Thinopyrum intermedium,Thinopyrum,intermedium,ssp. ?
Thinopyrum intermedium ssp. barbulatum,Thinopyrum,intermedium,ssp. barbulatum
Thinopyrum pycnanthum,Thinopyrum,pycnanthum,
Thladiantha dubia,Thladiantha,dubia,
Thlaspi arvense,Thlaspi,arvense,
Thuja occidentalis,Thuja,occidentalis,
Thymus pulegioides,Thymus,pulegioides,
Tiarella stolonifera,Tiarella,stolonifera,
Tilia americana,Tilia,americana,
Tilia americana,Tilia,americana,var. ?
Tilia americana var. americana,Tilia,americana,var. americana
Tilia americana var. heterophylla,Tilia,americana,var. heterophylla
Tilia cordata,Tilia,cordata,
Tilia tomentosa,Tilia,tomentosa,
Tipularia discolor,Tipularia,discolor,
Tomostima reptans,Tomostima,reptans,
Torilis arvensis,Torilis,arvensis,
Torilis japonica,Torilis,japonica,
Torilis leptophylla,Torilis,leptophylla,
Torreyochloa pallida,Torreyochloa,pallida,
Torreyochloa pallida,Torreyochloa,pallida,var. ?
Torreyochloa pallida var. fernaldii,Torreyochloa,pallida,var. fernaldii
Torreyochloa pallida var. pallida,Torreyochloa,pallida,var. pallida
Toxicodendron radicans,Toxicodendron,radicans,
Toxicodendron radicans,Toxicodendron,radicans,ssp. ?
Toxicodendron radicans ssp. negundo,Toxicodendron,radicans,ssp. negundo
Toxicodendron radicans ssp. radicans,Toxicodendron,radicans,ssp. radicans
Toxicodendron rydbergii,Toxicodendron,rydbergii,
Toxicodendron vernix,Toxicodendron,vernix,
Tradescantia occidentalis,Tradescantia,occidentalis,var. ?
Tradescantia occidentalis var. occidentalis,Tradescantia,occidentalis,var. occidentalis
Tradescantia ohiensis,Tradescantia,ohiensis,
Tradescantia ohiensis × T. virginiana,Tradescantia,ohiensis × T. virginiana,
Tradescantia subaspera,Tradescantia,subaspera,
Tradescantia virginiana,Tradescantia,virginiana,
Tragopogon dubius,Tragopogon,dubius,
Tragopogon porrifolius,Tragopogon,porrifolius,
Tragopogon porrifolius × T. pratensis = T. ×mirabilis,Tragopogon,porrifolius × T. pratensis = T. ×mirabilis,
Tragopogon pratensis,Tragopogon,pratensis,
Tragus berteronianus,Tragus,berteronianus,
Tragus racemosus,Tragus,racemosus,
Trapa natans,Trapa,natans,
Triantha glutinosa,Triantha,glutinosa,
Tribulus terrestris,Tribulus,terrestris,
Trichophorum alpinum,Trichophorum,alpinum,
Trichophorum cespitosum,Trichophorum,cespitosum,
Trichophorum clintonii,Trichophorum,clintonii,
Trichophorum planifolium,Trichophorum,planifolium,
Trichostema brachiatum,Trichostema,brachiatum,
Trichostema dichotomum,Trichostema,dichotomum,
Trichostema setaceum,Trichostema,setaceum,
Tridens flavus,Tridens,flavus,var. ?
Tridens flavus var. flavus,Tridens,flavus,var. flavus
Trifolium arvense,Trifolium,arvense,
Trifolium aureum,Trifolium,aureum,
Trifolium campestre,Trifolium,campestre,
Trifolium dalmaticum,Trifolium,dalmaticum,
Trifolium dubium,Trifolium,dubium,
Trifolium fragiferum,Trifolium,fragiferum,
Trifolium hybridum,Trifolium,hybridum,
Trifolium incarnatum,Trifolium,incarnatum,
Trifolium medium,Trifolium,medium,
Trifolium pannonicum,Trifolium,pannonicum,
Trifolium pratense,Trifolium,pratense,
Trifolium repens,Trifolium,repens,
Trifolium resupinatum,Trifolium,resupinatum,
Trifolium striatum,Trifolium,striatum,
Triglochin maritima,Triglochin,maritima,
Triglochin palustris,Triglochin,palustris,
Trigonella caerulea,Trigonella,caerulea,
Trigonella laciniata,Trigonella,laciniata,
Trillium cernuum,Trillium,cernuum,
Trillium cernuum × T. erectum,Trillium,cernuum × T. erectum,
Trillium cuneatum,Trillium,cuneatum,
Trillium erectum,Trillium,erectum,
Trillium flexipes,Trillium,flexipes,
Trillium grandiflorum,Trillium,grandiflorum,
Trillium recurvatum,Trillium,recurvatum,
Trillium sessile,Trillium,sessile,
Trillium undulatum,Trillium,undulatum,
Triodanis biflora,Triodanis,biflora,
Triodanis perfoliata,Triodanis,perfoliata,
Triosteum angustifolium,Triosteum,angustifolium,
Triosteum aurantiacum,Triosteum,aurantiacum,
Triosteum perfoliatum,Triosteum,perfoliatum,
Triphora trianthophoros,Triphora,trianthophoros,ssp. ?
Triphora trianthophoros ssp. trianthophoros,Triphora,trianthophoros,ssp. trianthophoros
Tripidium ravennae,Tripidium,ravennae,
Triplasis purpurea,Triplasis,purpurea,var. ?
Triplasis purpurea var. purpurea,Triplasis,purpurea,var. purpurea
Tripleurospermum inodorum,Tripleurospermum,inodorum,
Tripolium pannonicum,Tripolium,pannonicum,ssp. ?
Tripolium pannonicum ssp. tripolium,Tripolium,pannonicum,ssp. tripolium
Tripsacum dactyloides,Tripsacum,dactyloides,var. ?
Tripsacum dactyloides var. dactyloides,Tripsacum,dactyloides,var. dactyloides
Trisetum flavescens,Trisetum,flavescens,
Triticum aestivum,Triticum,aestivum,
Trollius laxus,Trollius,laxus,
Tropaeolum majus,Tropaeolum,majus,
Tropidocarpum gracile,Tropidocarpum,gracile,
Tsuga canadensis,Tsuga,canadensis,
Tulipa sylvestris,Tulipa,sylvestris,
Turritis glabra,Turritis,glabra,
Tussilago farfara,Tussilago,farfara,
Typha angustifolia,Typha,angustifolia,
Typha angustifolia × T. latifolia = T. ×glauca,Typha,angustifolia × T. latifolia = T. ×glauca,
Typha latifolia,Typha,latifolia,
Ulex europaeus,Ulex,europaeus,
Ulmus americana,Ulmus,americana,
Ulmus glabra,Ulmus,glabra,
Ulmus minor,Ulmus,minor,
Ulmus pumila,Ulmus,pumila,
Ulmus rubra,Ulmus,rubra,
Ulmus thomasii,Ulmus,thomasii,
Urtica chamaedryoides,Urtica,chamaedryoides,
Urtica dioica,Urtica,dioica,ssp. ?
Urtica dioica ssp. dioica,Urtica,dioica,ssp. dioica
Urtica gracilis,Urtica,gracilis,ssp. ?
Urtica gracilis ssp. gracilis,Urtica,gracilis,ssp. gracilis
Urtica urens,Urtica,urens,
Utricularia cornuta,Utricularia,cornuta,
Utricularia geminiscapa,Utricularia,geminiscapa,
Utricularia gibba,Utricularia,gibba,
Utricularia inflata,Utricularia,inflata,
Utricularia intermedia,Utricularia,intermedia,
Utricularia juncea,Utricularia,juncea,
Utricularia minor,Utricularia,minor,
Utricularia ochroleuca,Utricularia,ochroleuca,
Utricularia purpurea,Utricularia,purpurea,
Utricularia radiata,Utricularia,radiata,
Utricularia resupinata,Utricularia,resupinata,
Utricularia striata,Utricularia,striata,
Utricularia subulata,Utricularia,subulata,
Utricularia vulgaris,Utricularia,vulgaris,ssp. ?
Utricularia vulgaris ssp. macrorhiza,Utricularia,vulgaris,ssp. macrorhiza
Uvularia grandiflora,Uvularia,grandiflora,
Uvularia perfoliata,Uvularia,perfoliata,
Uvularia puberula,Uvularia,puberula,
Uvularia sessilifolia,Uvularia,sessilifolia,
Vaccinium angustifolium,Vaccinium,angustifolium,
Vaccinium angustifolium × V. corymbosum = V. ×atlanticum,Vaccinium,angustifolium × V. corymbosum = V. ×atlanticum,
Vaccinium angustifolium × V. pallidum = V. ×dobbinii,Vaccinium,angustifolium × V. pallidum = V. ×dobbinii,
Vaccinium boreale,Vaccinium,boreale,
Vaccinium cespitosum,Vaccinium,cespitosum,
Vaccinium corymbosum,Vaccinium,corymbosum,
Vaccinium macrocarpon,Vaccinium,macrocarpon,
Vaccinium myrtilloides,Vaccinium,myrtilloides,
Vaccinium oxycoccos,Vaccinium,oxycoccos,
Vaccinium pallidum,Vaccinium,pallidum,
Vaccinium stamineum,Vaccinium,stamineum,
Vaccinium uliginosum,Vaccinium,uliginosum,
Vahlodea atropurpurea,Vahlodea,atropurpurea,
Valeriana officinalis,Valeriana,officinalis,
Valeriana uliginosa,Valeriana,uliginosa,
Valerianella chenopodiifolia,Valerianella,chenopodiifolia,
Valerianella locusta,Valerianella,locusta,
Valerianella umbilicata,Valerianella,umbilicata,
Vallisneria americana,Vallisneria,americana,
Veratrum viride,Veratrum,viride,
Verbascum blattaria,Verbascum,blattaria,
Verbascum lychnitis,Verbascum,lychnitis,
Verbascum lychnitis × V. thapsus = V. ×thapsi,Verbascum,lychnitis × V. thapsus = V. ×thapsi,
Verbascum phlomoides,Verbascum,phlomoides,
Verbascum phoeniceum,Verbascum,phoeniceum,
Verbascum sinuatum,Verbascum,sinuatum,
Verbascum thapsus,Verbascum,thapsus,
Verbena bonariensis,Verbena,bonariensis,
Verbena bracteata,Verbena,bracteata,
Verbena bracteata × V. stricta = V. ×deamii,Verbena,bracteata × V. stricta = V. ×deamii,
Verbena bracteata × V. urticifolia = V. ×perriana,Verbena,bracteata × V. urticifolia = V. ×perriana,
Verbena hastata,Verbena,hastata,
Verbena hastata × V. stricta = V. ×blanchardii,Verbena,hastata × V. stricta = V. ×blanchardii,
Verbena hastata × V. urticifolia = V. ×engelmannii,Verbena,hastata × V. urticifolia = V. ×engelmannii,
Verbena lasiostachys,Verbena,lasiostachys,
Verbena officinalis,Verbena,officinalis,
Verbena simplex,Verbena,simplex,
Verbena stricta,Verbena,stricta,
Verbena urticifolia,Verbena,urticifolia,
Verbesina alternifolia,Verbesina,alternifolia,
Verbesina encelioides,Verbesina,encelioides,
Verbesina encelioides,Verbesina,encelioides,ssp. ?
Verbesina encelioides ssp. encelioides,Verbesina,encelioides,ssp. encelioides
Verbesina encelioides ssp. exauriculata,Verbesina,encelioides,ssp. exauriculata
Vernonia arkansana,Vernonia,arkansana,
Vernonia fasciculata,Vernonia,fasciculata,
Vernonia gigantea,Vernonia,gigantea,
Vernonia noveboracensis,Vernonia,noveboracensis,
Veronica agrestis,Veronica,agrestis,
Veronica americana,Veronica,americana,
Veronica anagallis-aquatica,Veronica,anagallis-aquatica,
Veronica arvensis,Veronica,arvensis,
Veronica austriaca,Veronica,austriaca,ssp. ?
Veronica austriaca ssp. teucrium,Veronica,austriaca,ssp. teucrium
Veronica bachofenii,Veronica,bachofenii,
Veronica beccabunga,Veronica,beccabunga,
Veronica campylopoda,Veronica,campylopoda,
Veronica catenata,Veronica,catenata,
Veronica chamaedrys,Veronica,chamaedrys,
Veronica dillenii,Veronica,dillenii,
Veronica filiformis,Veronica,filiformis,
Veronica hederifolia,Veronica,hederifolia,
Veronica longifolia,Veronica,longifolia,
Veronica officinalis,Veronica,officinalis,
Veronica peregrina,Veronica,peregrina,
Veronica peregrina,Veronica,peregrina,ssp. ?
Veronica peregrina ssp. peregrina,Veronica,peregrina,ssp. peregrina
Veronica peregrina ssp. xalapensis,Veronica,peregrina,ssp. xalapensis
Veronica persica,Veronica,persica,
Veronica polita,Veronica,polita,
Veronica scutellata,Veronica,scutellata,
Veronica serpyllifolia,Veronica,serpyllifolia,
Veronica serpyllifolia,Veronica,serpyllifolia,ssp. ?
Veronica serpyllifolia ssp. humifusa,Veronica,serpyllifolia,ssp. humifusa
Veronica serpyllifolia ssp. serpyllifolia,Veronica,serpyllifolia,ssp. serpyllifolia
Veronica spicata,Veronica,spicata,
Veronica sublobata,Veronica,sublobata,
Veronica triphyllos,Veronica,triphyllos,
Veronica verna,Veronica,verna,
Veronicastrum virginicum,Veronicastrum,virginicum,
Viburnum acerifolium,Viburnum,acerifolium,
Viburnum cassinoides,Viburnum,cassinoides,
Viburnum dentatum,Viburnum,dentatum,
Viburnum dentatum,Viburnum,dentatum,var. ?
Viburnum dentatum var. lucidum,Viburnum,dentatum,var. lucidum
Viburnum dentatum var. venosum,Viburnum,dentatum,var. venosum
Viburnum dilatatum,Viburnum,dilatatum,
Viburnum edule,Viburnum,edule,
Viburnum lantana,Viburnum,lantana,
Viburnum lantanoides,Viburnum,lantanoides,
Viburnum lentago,Viburnum,lentago,
Viburnum nudum,Viburnum,nudum,
Viburnum opulus,Viburnum,opulus,
Viburnum opulus,Viburnum,opulus,var. ?
Viburnum opulus var. americanum,Viburnum,opulus,var. americanum
Viburnum opulus var. opulus,Viburnum,opulus,var. opulus
Viburnum plicatum,Viburnum,plicatum,
Viburnum prunifolium,Viburnum,prunifolium,
Viburnum rafinesqueanum,Viburnum,rafinesqueanum,
Viburnum setigerum,Viburnum,setigerum,
Viburnum sieboldii,Viburnum,sieboldii,
Vicia americana,Vicia,americana,var. ?
Vicia americana var. americana,Vicia,americana,var. americana
Vicia benghalensis,Vicia,benghalensis,
Vicia caroliniana,Vicia,caroliniana,
Vicia cracca,Vicia,cracca,
Vicia faba,Vicia,faba,
Vicia grandiflora,Vicia,grandiflora,
Vicia hirsuta,Vicia,hirsuta,
Vicia hybrida,Vicia,hybrida,
Vicia narbonensis,Vicia,narbonensis,
Vicia sativa,Vicia,sativa,
Vicia sativa,Vicia,sativa,ssp. ?
Vicia sativa ssp. nigra,Vicia,sativa,ssp. nigra
Vicia sativa ssp. sativa,Vicia,sativa,ssp. sativa
Vicia sepium,Vicia,sepium,
Vicia tetrasperma,Vicia,tetrasperma,
Vicia villosa,Vicia,villosa,
Vicia villosa,Vicia,villosa,ssp. ?
Vicia villosa ssp. varia,Vicia,villosa,ssp. varia
Vicia villosa ssp. villosa,Vicia,villosa,ssp. villosa
Vinca major,Vinca,major,
Vinca minor,Vinca,minor,
Vincetoxicum hirundinaria,Vincetoxicum,hirundinaria,
Vincetoxicum nigrum,Vincetoxicum,nigrum,
Vincetoxicum rossicum,Vincetoxicum,rossicum,
Viola adunca,Viola,adunca,var. ?
Viola adunca var. adunca,Viola,adunca,var. adunca
Viola affinis,Viola,affinis,
Viola affinis × V. brittoniana,Viola,affinis × V. brittoniana,
Viola affinis × V. cucullata,Viola,affinis × V. cucullata,
Viola affinis × V. fimbriatula,Viola,affinis × V. fimbriatula,
Viola affinis × V. hirsutula,Viola,affinis × V. hirsutula,
Viola affinis × V. palmata var. triloba,Viola,affinis × V. palmata var. triloba,var. ?
Viola affinis × V. palmata var. triloba,Viola,affinis × V. palmata var. triloba,var. triloba
Viola affinis × V. sagittata,Viola,affinis × V. sagittata,
Viola affinis × V. sororia,Viola,affinis × V. sororia,
Viola affinis × V. subsinuata,Viola,affinis × V. subsinuata,
Viola arcuata,Viola,arcuata,
Viola arvensis,Viola,arvensis,
Viola baxteri,Viola,baxteri,
Viola blanda,Viola,blanda,
Viola brittoniana,Viola,brittoniana,
Viola brittoniana × V. cucullata,Viola,brittoniana × V. cucullata,
Viola brittoniana × V. fimbriatula,Viola,brittoniana × V. fimbriatula,
Viola brittoniana × V. palmata var. triloba,Viola,brittoniana × V. palmata var. triloba,var. ?
Viola brittoniana × V. palmata var. triloba,Viola,brittoniana × V. palmata var. triloba,var. triloba
Viola brittoniana × V. pectinata,Viola,brittoniana × V. pectinata,
Viola brittoniana × V. sagittata,Viola,brittoniana × V. sagittata,
Viola brittoniana × V. sororia,Viola,brittoniana × V. sororia,
Viola canadensis,Viola,canadensis,
Viola communis,Viola,communis,
Viola cucullata,Viola,cucullata,
Viola cucullata × V. fimbriatula,Viola,cucullata × V. fimbriatula,
Viola cucullata × V. palmata var. triloba,Viola,cucullata × V. palmata var. triloba,var. ?
Viola cucullata × V. palmata var. triloba,Viola,cucullata × V. palmata var. triloba,var. triloba
Viola cucullata × V. pectinata,Viola,cucullata × V. pectinata,
Viola cucullata × V. primulifolia,Viola,cucullata × V. primulifolia,
Viola cucullata × V. sagittata,Viola,cucullata × V. sagittata,
Viola cucullata × V. septentrionalis,Viola,cucullata × V. septentrionalis,
Viola cucullata × V. sororia,Viola,cucullata × V. sororia,
Viola emarginata,Viola,emarginata,
Viola eriocarpa,Viola,eriocarpa,
Viola fimbriatula,Viola,fimbriatula,
Viola fimbriatula × V. hirsutula,Viola,fimbriatula × V. hirsutula,
Viola fimbriatula × V. palmata var. triloba,Viola,fimbriatula × V. palmata var. triloba,var. ?
Viola fimbriatula × V. palmata var. triloba,Viola,fimbriatula × V. palmata var. triloba,var. triloba
Viola fimbriatula × V. sagittata,Viola,fimbriatula × V. sagittata,
Viola fimbriatula × V. septentrionalis,Viola,fimbriatula × V. septentrionalis,
Viola fimbriatula × V. sororia,Viola,fimbriatula × V. sororia,
Viola fimbriatula × V. subsinuata,Viola,fimbriatula × V. subsinuata,
Viola hirsutula,Viola,hirsutula,
Viola hirsutula × V. sororia,Viola,hirsutula × V. sororia,
Viola hirsutula × V. subsinuata,Viola,hirsutula × V. subsinuata,
Viola incognita,Viola,incognita,
Viola labradorica,Viola,labradorica,
Viola labradorica × V. rostrata = V. ×malteana,Viola,labradorica × V. rostrata = V. ×malteana,
Viola labradorica × V. striata = V. ×eclipes,Viola,labradorica × V. striata = V. ×eclipes,
Viola lanceolata,Viola,lanceolata,
Viola lanceolata × V. minuscula,Viola,lanceolata × V. minuscula,
Viola lanceolata × V. primulifolia,Viola,lanceolata × V. primulifolia,
Viola minuscula,Viola,minuscula,
Viola minuscula × V. primulifolia,Viola,minuscula × V. primulifolia,
Viola nephrophylla,Viola,nephrophylla,
Viola novae-angliae,Viola,novae-angliae,
Viola odorata,Viola,odorata,
Viola palmata,Viola,palmata,var. ?
Viola palmata var. triloba,Viola,palmata,var. triloba
Viola palmata var. triloba × V. sagittata,Viola,palmata var. triloba × V. sagittata,var. ?
Viola palmata var. triloba × V. sagittata,Viola,palmata var. triloba × V. sagittata,var. triloba × V. sagittata
Viola palmata var. triloba × V. sororia,Viola,palmata var. triloba × V. sororia,var. ?
Viola palmata var. triloba × V. sororia,Viola,palmata var. triloba × V. sororia,var. triloba × V. sororia
Viola patrinii,Viola,patrinii,
Viola pectinata,Viola,pectinata,
Viola pedata,Viola,pedata,ssp. ?
Viola pedata ssp. pedata,Viola,pedata,ssp. pedata
Viola primulifolia,Viola,primulifolia,var. ?
Viola primulifolia var. primulifolia,Viola,primulifolia,var. primulifolia
Viola prionantha,Viola,prionantha,
Viola pubescens,Viola,pubescens,
Viola rafinesquei,Viola,rafinesquei,
Viola renifolia,Viola,renifolia,
Viola rostrata,Viola,rostrata,
Viola rostrata × V. striata = V. ×brauniae,Viola,rostrata × V. striata = V. ×brauniae,
Viola rotundifolia,Viola,rotundifolia,
Viola sagittata,Viola,sagittata,
Viola sagittata × V. septentrionalis,Viola,sagittata × V. septentrionalis,
Viola sagittata × V. sororia,Viola,sagittata × V. sororia,
Viola sagittata × V. subsinuata,Viola,sagittata × V. subsinuata,
Viola selkirkii,Viola,selkirkii,
Viola septentrionalis,Viola,septentrionalis,
Viola septentrionalis × V. sororia,Viola,septentrionalis × V. sororia,
Viola septentrionalis × V. subsinuata,Viola,septentrionalis × V. subsinuata,
Viola sororia,Viola,sororia,
Viola sororia × V. subsinuata,Viola,sororia × V. subsinuata,
Viola striata,Viola,striata,
Viola subsinuata,Viola,subsinuata,
Viola tricolor,Viola,tricolor,var. ?
Viola tricolor var. tricolor,Viola,tricolor,var. tricolor
Viola ×wittrockiana,Viola,×wittrockiana,
Viscaria vulgaris,Viscaria,vulgaris,
Vitis aestivalis,Vitis,aestivalis,
Vitis aestivalis × V. riparia = V. ×slavinii,Vitis,aestivalis × V. riparia = V. ×slavinii,
Vitis labrusca,Vitis,labrusca,
Vitis labrusca × V. riparia = V. ×novae-angliae,Vitis,labrusca × V. riparia = V. ×novae-angliae,
Vitis labrusca × V. vinifera = V. ×alexanderi,Vitis,labrusca × V. vinifera = V. ×alexanderi,
Vitis riparia,Vitis,riparia,
Vitis vinifera,Vitis,vinifera,
Vitis vulpina,Vitis,vulpina,
Vittaria appalachiana,Vittaria,appalachiana,
Weigela floribunda,Weigela,floribunda,
Weigela japonica,Weigela,japonica,
Wisteria floribunda,Wisteria,floribunda,
Wisteria frutescens,Wisteria,frutescens,
Wisteria sinensis,Wisteria,sinensis,
Wolffia borealis,Wolffia,borealis,
Wolffia brasiliensis,Wolffia,brasiliensis,
Wolffia columbiana,Wolffia,columbiana,
Woodsia alpina,Woodsia,alpina,
Woodsia glabella,Woodsia,glabella,
Woodsia ilvensis,Woodsia,ilvensis,
Woodsia obtusa,Woodsia,obtusa,ssp. ?
Woodsia obtusa ssp. obtusa,Woodsia,obtusa,ssp. obtusa
Woodsia oregana,Woodsia,oregana,ssp. ?
Woodsia oregana ssp. cathcartiana,Woodsia,oregana,ssp. cathcartiana
Xanthisma gracile,Xanthisma,gracile,
Xanthium spinosum,Xanthium,spinosum,
Xanthium strumarium,Xanthium,strumarium,
Xanthium strumarium,Xanthium,strumarium,var. ?
Xanthium strumarium var. canadense,Xanthium,strumarium,var. canadense
Xanthium strumarium var. glabratum,Xanthium,strumarium,var. glabratum
Xanthium strumarium var. strumarium,Xanthium,strumarium,var. strumarium
Xanthorhiza simplicissima,Xanthorhiza,simplicissima,
Xyris bracteicaulis,Xyris,bracteicaulis,
Xyris difformis,Xyris,difformis,var. ?
Xyris difformis var. difformis,Xyris,difformis,var. difformis
Xyris montana,Xyris,montana,
Xyris smalliana,Xyris,smalliana,
Xyris torta,Xyris,torta,
Yucca filamentosa,Yucca,filamentosa,
Zannichellia palustris,Zannichellia,palustris,
Zanthoxylum americanum,Zanthoxylum,americanum,
Zanthoxylum simulans,Zanthoxylum,simulans,
Zea mays,Zea,mays,ssp. ?
Zea mays ssp. mays,Zea,mays,ssp. mays
Zelkova serrata,Zelkova,serrata,
Zinnia elegans,Zinnia,elegans,
Zizania aquatica,Zizania,aquatica,var. ?
Zizania aquatica var. aquatica,Zizania,aquatica,var. aquatica
Zizania palustris,Zizania,palustris,
Zizania palustris,Zizania,palustris,var. ?
Zizania palustris var. interior,Zizania,palustris,var. interior
Zizania palustris var. palustris,Zizania,palustris,var. palustris
Zizia aptera,Zizia,aptera,
Zizia aurea,Zizia,aurea,
Zostera marina,Zostera,marina,
Zygophyllum fabago,Zygophyllum,fabago,